as_of_date,patients_currently_in_icu,patients_currently_icu_intubated
2022-06-24,93,39.714285714285715
2022-06-23,93.42857142857143,39.142857142857146
2022-06-22,94.42857142857143,38.857142857142854
2022-06-21,94.28571428571429,37
2022-06-17,94,35.285714285714285
2022-06-16,92.57142857142857,36.42857142857143
2022-06-15,92.42857142857143,36.714285714285715
2022-06-14,91.71428571428571,36.285714285714285
2022-06-13,89.57142857142857,36.285714285714285
2022-06-10,87.28571428571429,35.57142857142857
2022-06-09,84.57142857142857,35.42857142857143
2022-06-08,81.28571428571429,34.857142857142854
2022-06-07,79.42857142857143,33.42857142857143
2022-06-06,78.14285714285714,32.57142857142857
2022-06-05,78.71428571428571,32.42857142857143
2022-06-04,79.57142857142857,32
2022-06-03,80.85714285714286,31.571428571428573
2022-06-02,82.57142857142857,32.142857142857146
2022-06-01,84.71428571428571,32
2022-05-31,86.71428571428571,32.285714285714285
2022-05-27,87.42857142857143,32.857142857142854
2022-05-26,88.28571428571429,33
2022-05-25,87.71428571428571,32.714285714285715
2022-05-24,87.42857142857143,33.42857142857143
2022-05-23,86.57142857142857,33
2022-05-22,85.57142857142857,33
2022-05-21,84.28571428571429,32.714285714285715
2022-05-20,84,32.285714285714285
2022-05-19,82.14285714285714,32
2022-05-18,82.28571428571429,32.714285714285715
2022-05-17,80.57142857142857,32.857142857142854
2022-05-16,79,33.857142857142854
2022-05-15,76.85714285714286,34.142857142857146
2022-05-14,74.85714285714286,34
2022-05-13,72.28571428571429,33.714285714285715
2022-05-12,69.28571428571429,33.142857142857146
2022-05-11,64.71428571428571,31.714285714285715
2022-05-10,61.42857142857143,29.857142857142858
2022-05-09,58.285714285714285,27.571428571428573
2022-05-08,57.285714285714285,26.285714285714285
2022-05-07,57.142857142857146,25.285714285714285
2022-05-06,56.142857142857146,24.285714285714285
2022-05-05,55.714285714285715,23.714285714285715
2022-05-04,56.714285714285715,23.428571428571427
2022-05-03,57.285714285714285,23.571428571428573
2022-05-02,58,23.428571428571427
2022-05-01,58.142857142857146,23
2022-04-30,58.42857142857143,23
2022-04-29,59,23.285714285714285
2022-04-28,58.57142857142857,23.428571428571427
2022-04-27,58,23.571428571428573
2022-04-26,57.57142857142857,23.285714285714285
2022-04-25,57.42857142857143,23.714285714285715
2022-04-24,56.42857142857143,24.142857142857142
2022-04-23,54.857142857142854,24.714285714285715
2022-04-22,54.285714285714285,25.857142857142858
2022-04-21,53.857142857142854,26.428571428571427
2022-04-20,53,27.142857142857142
2022-04-19,52.142857142857146,28
2022-04-18,51.714285714285715,28.571428571428573
2022-04-14,51,28.857142857142858
2022-04-13,50.857142857142854,28.714285714285715
2022-04-12,51,27.714285714285715
2022-04-11,51.142857142857146,26.714285714285715
2022-04-10,50.714285714285715,25
2022-04-09,51,23.571428571428573
2022-04-08,50.857142857142854,22.714285714285715
2022-04-07,51.857142857142854,22.428571428571427
2022-04-06,52.142857142857146,21.571428571428573
2022-04-05,51.57142857142857,21
2022-04-04,51.714285714285715,21.285714285714285
2022-04-03,52.714285714285715,22.285714285714285
2022-04-02,51.857142857142854,22.714285714285715
2022-04-01,50.714285714285715,22.285714285714285
2022-03-31,49,21.857142857142858
2022-03-30,47.857142857142854,22.285714285714285
2022-03-29,48.57142857142857,23.142857142857142
2022-03-28,49.142857142857146,23.571428571428573
2022-03-27,50.142857142857146,24.857142857142858
2022-03-26,52,26.571428571428573
2022-03-25,54,28.428571428571427
2022-03-24,54.57142857142857,29.428571428571427
2022-03-23,56.42857142857143,31.428571428571427
2022-03-22,56.285714285714285,33
2022-03-21,56.857142857142854,34.857142857142854
2022-03-20,57.42857142857143,35.714285714285715
2022-03-19,58.42857142857143,36.285714285714285
2022-03-18,59.57142857142857,37
2022-03-17,63.285714285714285,39.857142857142854
2022-03-16,66.42857142857143,42
2022-03-15,70.85714285714286,43.42857142857143
2022-03-14,75.85714285714286,45
2022-03-13,80.85714285714286,47.142857142857146
2022-03-12,86.14285714285714,50.285714285714285
2022-03-11,92.42857142857143,53.142857142857146
2022-03-10,97.85714285714286,54.857142857142854
2022-03-09,102,55.714285714285715
2022-03-08,108.42857142857143,57.714285714285715
2022-03-07,114.14285714285714,60.714285714285715
2022-03-06,118.28571428571429,63.285714285714285
2022-03-05,123,66
2022-03-04,128,69.85714285714286
2022-03-03,131.57142857142858,71.71428571428571
2022-03-02,136.14285714285714,74.42857142857143
2022-03-01,137.71428571428572,76.28571428571429
2022-02-28,140.57142857142858,78.28571428571429
2022-02-27,146.71428571428572,81.57142857142857
2022-02-26,151.57142857142858,83.42857142857143
2022-02-25,155.57142857142858,84.71428571428571
2022-02-24,162.71428571428572,88.57142857142857
2022-02-23,171.85714285714286,95.28571428571429
2022-02-22,181,103
2022-02-21,189.42857142857142,109
2022-02-20,200.28571428571428,115.57142857142857
2022-02-19,212.57142857142858,123.71428571428571
2022-02-18,225.42857142857142,133.57142857142858
2022-02-17,239.42857142857142,144.42857142857142
2022-02-16,252.71428571428572,153.57142857142858
2022-02-15,268.14285714285717,161.57142857142858
2022-02-14,285.14285714285717,170.42857142857142
2022-02-13,298.7142857142857,177.57142857142858
2022-02-12,316,186.14285714285714
2022-02-11,333.42857142857144,195.85714285714286
2022-02-10,351.57142857142856,204
2022-02-09,371.14285714285717,211.85714285714286
2022-02-08,392.14285714285717,222.57142857142858
2022-02-07,415.57142857142856,238.28571428571428
2022-02-06,439,254.85714285714286
2022-02-05,461,271
2022-02-04,482.85714285714283,284
2022-02-03,500.7142857142857,296.7142857142857
2022-02-02,521.1428571428571,311.14285714285717
2022-02-01,544.7142857142857,325.57142857142856
2022-01-31,564.4285714285714,335.85714285714283
2022-01-30,591.7142857142857,345.14285714285717
2022-01-29,619,355.57142857142856
2022-01-28,644.2857142857143,365.57142857142856
2022-01-27,670.2857142857143,378
2022-01-26,695.7142857142857,388.14285714285717
2022-01-25,715.5714285714286,395.42857142857144
2022-01-24,737.8571428571429,401.85714285714283
2022-01-23,746.4285714285714,405.85714285714283
2022-01-22,752.4285714285714,407
2022-01-21,760.2857142857143,410
2022-01-20,768.8571428571429,410.14285714285717
2022-01-19,773.2857142857143,409.14285714285717
2022-01-18,776.8571428571429,407
2022-01-17,771.8571428571429,404
2022-01-16,772.7142857142857,401.14285714285717
2022-01-15,769.8571428571429,396.85714285714283
2022-01-14,766.5714285714286,388.14285714285717
2022-01-13,757.2857142857143,375
2022-01-12,741.1428571428571,360.7142857142857
2022-01-11,723.4285714285714,345.7142857142857
2022-01-10,705.2857142857143,327.57142857142856
2022-01-09,681,307.7142857142857
2022-01-08,651.8571428571429,287.42857142857144
2022-01-07,617.5714285714286,268.42857142857144
2022-01-06,584.2857142857143,252.14285714285714
2022-01-05,552.4285714285714,233.85714285714286
2022-01-04,517,217.28571428571428
2022-01-03,479.85714285714283,201.57142857142858
2022-01-02,444.7142857142857,189.57142857142858
2022-01-01,413.42857142857144,177.71428571428572
2021-12-31,381.57142857142856,165.71428571428572
2021-12-30,352.2857142857143,154.85714285714286
2021-12-29,322.2857142857143,145.42857142857142
2021-12-28,294,134.85714285714286
2021-12-27,270.7142857142857,125.42857142857143
2021-12-26,248.57142857142858,116.42857142857143
2021-12-24,229.71428571428572,108.71428571428571
2021-12-23,215.71428571428572,103.57142857142857
2021-12-22,202,99.14285714285714
2021-12-21,192.71428571428572,96.42857142857143
2021-12-20,184.42857142857142,94.85714285714286
2021-12-19,178.57142857142858,94
2021-12-18,174.42857142857142,91.57142857142857
2021-12-17,168,89
2021-12-16,163.28571428571428,86.14285714285714
2021-12-15,158.14285714285714,82.42857142857143
2021-12-14,152.71428571428572,78.57142857142857
2021-12-13,149.28571428571428,74.14285714285714
2021-12-12,145.85714285714286,70.85714285714286
2021-12-11,142.85714285714286,68.57142857142857
2021-12-10,141,66
2021-12-09,136.85714285714286,63
2021-12-08,133.14285714285714,61
2021-12-07,129.57142857142858,59.42857142857143
2021-12-06,125.14285714285714,58.42857142857143
2021-12-05,119.71428571428571,56.285714285714285
2021-12-04,112.42857142857143,53.857142857142854
2021-12-03,107.14285714285714,52.285714285714285
2021-12-02,101.57142857142857,50.142857142857146
2021-12-01,96.42857142857143,47.857142857142854
2021-11-30,91,44.714285714285715
2021-11-29,86.57142857142857,42.285714285714285
2021-11-28,82.57142857142857,40.857142857142854
2021-11-27,79.57142857142857,40.285714285714285
2021-11-26,76.85714285714286,39.714285714285715
2021-11-24,75.85714285714286,39.285714285714285
2021-11-23,74.57142857142857,38.714285714285715
2021-11-22,74.14285714285714,39.285714285714285
2021-11-21,73.71428571428571,39
2021-11-20,73,38.857142857142854
2021-11-19,73.42857142857143,39.142857142857146
2021-11-18,73.28571428571429,39.285714285714285
2021-11-17,72.57142857142857,40.142857142857146
2021-11-16,72.57142857142857,41.285714285714285
2021-11-15,73.71428571428571,43.285714285714285
2021-11-14,74.42857142857143,45.285714285714285
2021-11-13,76.14285714285714,47.57142857142857
2021-11-12,78.71428571428571,49.57142857142857
2021-11-11,82.14285714285714,52.285714285714285
2021-11-10,85,53.714285714285715
2021-11-09,88,55.714285714285715
2021-11-08,91.85714285714286,57.714285714285715
2021-11-07,96.14285714285714,60.57142857142857
2021-11-06,99.42857142857143,62
2021-11-05,101,63.142857142857146
2021-11-04,102.42857142857143,63.285714285714285
2021-11-03,105.71428571428571,65
2021-11-02,108.85714285714286,67
2021-11-01,110.71428571428571,68
2021-10-31,111.85714285714286,67.57142857142857
2021-10-30,114.85714285714286,68
2021-10-29,117.42857142857143,68.42857142857143
2021-10-28,121,69.57142857142857
2021-10-27,124,69.71428571428571
2021-10-26,125.71428571428571,69.28571428571429
2021-10-25,126,67.85714285714286
2021-10-24,127.42857142857143,68
2021-10-23,127.28571428571429,67.85714285714286
2021-10-22,127,67.71428571428571
2021-10-21,125.85714285714286,67.42857142857143
2021-10-20,123.14285714285714,67.28571428571429
2021-10-19,121,67.14285714285714
2021-10-18,120.42857142857143,68.42857142857143
2021-10-17,120.42857142857143,69.71428571428571
2021-10-16,120.42857142857143,70.28571428571429
2021-10-15,120.42857142857143,70.28571428571429
2021-10-14,120.85714285714286,70.42857142857143
2021-10-13,122.57142857142857,71.57142857142857
2021-10-12,126.42857142857143,73.57142857142857
2021-10-11,129.71428571428572,75.14285714285714
2021-10-10,132.57142857142858,77
2021-10-09,138.14285714285714,80.85714285714286
2021-10-08,143.85714285714286,84.57142857142857
2021-10-07,148.57142857142858,87.14285714285714
2021-10-06,153,90
2021-10-05,156.71428571428572,91.85714285714286
2021-10-04,162.14285714285714,94.57142857142857
2021-10-03,167.85714285714286,97
2021-10-02,172.28571428571428,98.28571428571429
2021-10-01,176.85714285714286,101.14285714285714
2021-09-30,183.14285714285714,105.14285714285714
2021-09-29,188,107.71428571428571
2021-09-28,191.71428571428572,110.71428571428571
2021-09-27,194.28571428571428,113
2021-09-26,195.14285714285714,115.57142857142857
2021-09-25,196,118.42857142857143
2021-09-24,196.85714285714286,119.57142857142857
2021-09-23,195.28571428571428,118.85714285714286
2021-09-22,195.71428571428572,118.57142857142857
2021-09-21,196.14285714285714,117.85714285714286
2021-09-20,195,116.14285714285714
2021-09-19,192.28571428571428,111.42857142857143
2021-09-18,189,106.85714285714286
2021-09-17,185.85714285714286,103.57142857142857
2021-09-16,184.42857142857142,102.85714285714286
2021-09-15,182.14285714285714,102.28571428571429
2021-09-14,181,101
2021-09-13,180.57142857142858,100.85714285714286
2021-09-12,182.71428571428572,103.71428571428571
2021-09-11,185.14285714285714,105.71428571428571
2021-09-10,190.28571428571428,107.57142857142857
2021-09-09,196.14285714285714,107.85714285714286
2021-09-08,199.85714285714286,107.71428571428571
2021-09-07,200.42857142857142,107.42857142857143
2021-09-06,201.71428571428572,106.28571428571429
2021-09-05,202,103.71428571428571
2021-09-04,201.14285714285714,100.71428571428571
2021-09-03,197.28571428571428,96.85714285714286
2021-09-02,192,93.28571428571429
2021-09-01,187.57142857142858,90
2021-08-31,184.85714285714286,87
2021-08-30,181.14285714285714,84.14285714285714
2021-08-29,178.14285714285714,82.85714285714286
2021-08-28,175.57142857142858,82.28571428571429
2021-08-27,174.28571428571428,82.57142857142857
2021-08-26,172,82.14285714285714
2021-08-25,171.85714285714286,81
2021-08-24,171.42857142857142,80
2021-08-23,171.14285714285714,78.57142857142857
2021-08-22,171,76.57142857142857
2021-08-21,170.28571428571428,73.42857142857143
2021-08-20,169,70
2021-08-19,166.57142857142858,67.28571428571429
2021-08-18,160.42857142857142,65.57142857142857
2021-08-17,154.71428571428572,63.714285714285715
2021-08-16,149.14285714285714,62.142857142857146
2021-08-15,142.28571428571428,59.714285714285715
2021-08-14,134.85714285714286,58.142857142857146
2021-08-13,126.42857142857143,55.57142857142857
2021-08-12,121,53.285714285714285
2021-08-11,117.28571428571429,49.857142857142854
2021-08-10,112.71428571428571,46.42857142857143
2021-08-09,108.14285714285714,43.285714285714285
2021-08-08,104,41
2021-08-07,100.71428571428571,39.142857142857146
2021-08-06,98.42857142857143,37.857142857142854
2021-08-05,92.85714285714286,36.42857142857143
2021-08-04,88.42857142857143,36.57142857142857
2021-08-03,85,37
2021-08-02,81.57142857142857,37.42857142857143
2021-08-01,79,36.857142857142854
2021-07-31,76,35.42857142857143
2021-07-30,73,33.857142857142854
2021-07-29,71.85714285714286,32.714285714285715
2021-07-28,69.42857142857143,30.571428571428573
2021-07-27,66.57142857142857,27.714285714285715
2021-07-26,63.57142857142857,25.571428571428573
2021-07-25,60.42857142857143,24.285714285714285
2021-07-24,57,23.571428571428573
2021-07-23,53.285714285714285,23.428571428571427
2021-07-22,49.57142857142857,23
2021-07-21,46.857142857142854,22.857142857142858
2021-07-20,44.142857142857146,23
2021-07-19,42.857142857142854,22.714285714285715
2021-07-18,41.42857142857143,22
2021-07-17,40.857142857142854,21.714285714285715
2021-07-16,40.57142857142857,21.142857142857142
2021-07-15,40.57142857142857,20.571428571428573
2021-07-14,40.42857142857143,19.857142857142858
2021-07-13,41.142857142857146,19.857142857142858
2021-07-12,40.42857142857143,19.571428571428573
2021-07-11,40.142857142857146,19.714285714285715
2021-07-10,39.714285714285715,19.285714285714285
2021-07-09,39.57142857142857,19.142857142857142
2021-07-08,39,18.571428571428573
2021-07-07,39.285714285714285,18.714285714285715
2021-07-06,39.57142857142857,18.714285714285715
2021-07-05,40.142857142857146,19
2021-07-04,40.857142857142854,19.285714285714285
2021-07-03,41.285714285714285,19.857142857142858
2021-07-02,41.57142857142857,20.285714285714285
2021-07-01,42.57142857142857,20.857142857142858
2021-06-30,42.714285714285715,21.428571428571427
2021-06-29,43,22.142857142857142
2021-06-28,43.42857142857143,22.571428571428573
2021-06-27,43,22.857142857142858
2021-06-26,43,23
2021-06-25,43.714285714285715,24
2021-06-24,44.714285714285715,25.285714285714285
2021-06-23,47.285714285714285,26.714285714285715
2021-06-22,49.714285714285715,28.142857142857142
2021-06-21,52.857142857142854,30.285714285714285
2021-06-20,56.42857142857143,32.42857142857143
2021-06-19,59.42857142857143,34.857142857142854
2021-06-18,61.142857142857146,36.285714285714285
2021-06-17,62,37.42857142857143
2021-06-16,61.57142857142857,37.42857142857143
2021-06-15,61.42857142857143,37.57142857142857
2021-06-14,61.142857142857146,38.142857142857146
2021-06-13,61.57142857142857,38.857142857142854
2021-06-12,62.285714285714285,39.285714285714285
2021-06-11,63.42857142857143,39.714285714285715
2021-06-10,65.85714285714286,40.57142857142857
2021-06-09,69.14285714285714,42.857142857142854
2021-06-08,73.28571428571429,45.285714285714285
2021-06-07,75.71428571428571,46.42857142857143
2021-06-06,78,47.57142857142857
2021-06-05,80.42857142857143,49.42857142857143
2021-06-04,83.57142857142857,52
2021-06-03,85.42857142857143,54.57142857142857
2021-06-02,90.71428571428571,57.42857142857143
2021-06-01,94.14285714285714,59.714285714285715
2021-05-31,97.85714285714286,62.42857142857143
2021-05-30,101.71428571428571,65.85714285714286
2021-05-29,106.14285714285714,69.14285714285714
2021-05-28,111,72
2021-05-27,117.14285714285714,74.85714285714286
2021-05-26,119,76.57142857142857
2021-05-25,122.57142857142857,79.14285714285714
2021-05-24,127.14285714285714,81.71428571428571
2021-05-23,133,84.71428571428571
2021-05-22,138.57142857142858,88
2021-05-21,144.42857142857142,91.14285714285714
2021-05-20,151.28571428571428,94.85714285714286
2021-05-19,159.57142857142858,99.28571428571429
2021-05-18,168,103.57142857142857
2021-05-17,177.71428571428572,108.71428571428571
2021-05-16,188.14285714285714,114.57142857142857
2021-05-15,197.42857142857142,120.14285714285714
2021-05-14,208.14285714285714,127.42857142857143
2021-05-13,218.57142857142858,135.42857142857142
2021-05-12,230.57142857142858,145.14285714285714
2021-05-11,243.42857142857142,154.71428571428572
2021-05-10,256.57142857142856,164.14285714285714
2021-05-09,267,171.28571428571428
2021-05-08,277.42857142857144,177.28571428571428
2021-05-07,287,183.28571428571428
2021-05-06,297,189.85714285714286
2021-05-05,305.2857142857143,195
2021-05-04,314.7142857142857,200.42857142857142
2021-05-03,324.7142857142857,207
2021-05-02,335.57142857142856,216
2021-05-01,346.42857142857144,224.42857142857142
2021-04-30,356.2857142857143,231.28571428571428
2021-04-29,367.14285714285717,238.14285714285714
2021-04-28,377.57142857142856,244.42857142857142
2021-04-27,387.14285714285717,252.71428571428572
2021-04-26,394.2857142857143,258.57142857142856
2021-04-25,402.57142857142856,262.2857142857143
2021-04-24,411,268.14285714285717
2021-04-23,419,273.57142857142856
2021-04-22,425.85714285714283,278.7142857142857
2021-04-21,432.14285714285717,284.57142857142856
2021-04-20,438,288.85714285714283
2021-04-19,443.85714285714283,294.2857142857143
2021-04-18,446.2857142857143,299.57142857142856
2021-04-17,449.7142857142857,303.85714285714283
2021-04-16,455.7142857142857,310.57142857142856
2021-04-15,461.85714285714283,317.2857142857143
2021-04-14,468.57142857142856,323.14285714285717
2021-04-13,477.14285714285717,329.42857142857144
2021-04-12,486.2857142857143,334.57142857142856
2021-04-11,495.85714285714283,338.2857142857143
2021-04-10,503.14285714285717,341.42857142857144
2021-04-09,506.85714285714283,342.85714285714283
2021-04-08,510.14285714285717,342.7142857142857
2021-04-07,514.4285714285714,342
2021-04-06,513.2857142857143,338.85714285714283
2021-04-05,513.7142857142857,336
2021-04-04,516.1428571428571,333.85714285714283
2021-04-03,520,332
2021-04-02,522.4285714285714,329.85714285714283
2021-04-01,525.2857142857143,330.42857142857144
2021-03-31,528.1428571428571,332.14285714285717
2021-03-30,535.2857142857143,338.85714285714283
2021-03-29,540.5714285714286,347.2857142857143
2021-03-28,546.7142857142857,357.7142857142857
2021-03-27,550,366.85714285714283
2021-03-26,554.5714285714286,375.14285714285717
2021-03-25,559,380.14285714285717
2021-03-24,561.4285714285714,383.42857142857144
2021-03-23,562,382.42857142857144
2021-03-22,564.7142857142857,382.2857142857143
2021-03-21,563.5714285714286,381.42857142857144
2021-03-20,564.8571428571429,382.2857142857143
2021-03-19,567.2857142857143,385.57142857142856
2021-03-18,570.2857142857143,391.42857142857144
2021-03-17,574,397.85714285714283
2021-03-16,580.8571428571429,407.57142857142856
2021-03-15,588.1428571428571,417.57142857142856
2021-03-14,596.2857142857143,425.2857142857143
2021-03-13,607,432.57142857142856
2021-03-12,616.2857142857143,438.57142857142856
2021-03-11,622.4285714285714,441.57142857142856
2021-03-10,628.1428571428571,444.14285714285717
2021-03-09,629.8571428571429,444.57142857142856
2021-03-08,628,443.57142857142856
2021-03-07,628.7142857142857,445.85714285714283
2021-03-06,626.4285714285714,446.42857142857144
2021-03-05,626.7142857142857,445.85714285714283
2021-03-04,631.2857142857143,448.14285714285717
2021-03-03,636.5714285714286,453.7142857142857
2021-03-02,640,458.14285714285717
2021-03-01,645,462.2857142857143
2021-02-28,652.8571428571429,463.57142857142856
2021-02-27,658.5714285714286,463.7142857142857
2021-02-26,663.4285714285714,467
2021-02-25,663.1428571428571,467.57142857142856
2021-02-24,665.1428571428571,468
2021-02-23,673.2857142857143,471.85714285714283
2021-02-22,683.4285714285714,475.7142857142857
2021-02-21,687.4285714285714,482.2857142857143
2021-02-20,693.7142857142857,490.7142857142857
2021-02-19,699,494.2857142857143
2021-02-18,706.5714285714286,499.7142857142857
2021-02-17,713.1428571428571,505.14285714285717
2021-02-16,717.7142857142857,506.2857142857143
2021-02-15,718.7142857142857,506.57142857142856
2021-02-14,720.5714285714286,506.85714285714283
2021-02-13,725.5714285714286,508.42857142857144
2021-02-12,729.8571428571429,513.5714285714286
2021-02-11,735.8571428571429,515.5714285714286
2021-02-10,743,515.1428571428571
2021-02-09,743.8571428571429,514.2857142857143
2021-02-08,745,513.1428571428571
2021-02-07,742.5714285714286,508.2857142857143
2021-02-06,736.7142857142857,502.57142857142856
2021-02-05,734,496.42857142857144
2021-02-04,728.1428571428571,491.7142857142857
2021-02-03,718.4285714285714,486
2021-02-02,714.4285714285714,482.57142857142856
2021-02-01,710,478.2857142857143
2021-01-31,709.5714285714286,474.85714285714283
2021-01-30,709.2857142857143,472.57142857142856
2021-01-29,705.2857142857143,470.2857142857143
2021-01-28,701.2857142857143,467.7142857142857
2021-01-27,697.7142857142857,464.7142857142857
2021-01-26,689.8571428571429,458.2857142857143
2021-01-25,687.7142857142857,454.42857142857144
2021-01-24,686.1428571428571,453.85714285714283
2021-01-23,677.4285714285714,448
2021-01-22,672.8571428571429,444.2857142857143
2021-01-21,669.8571428571429,439.57142857142856
2021-01-20,666,435.14285714285717
2021-01-19,662.5714285714286,433.57142857142856
2021-01-18,651.7142857142857,428.57142857142856
2021-01-17,641.4285714285714,421.57142857142856
2021-01-16,635.8571428571429,417.7142857142857
2021-01-15,626.7142857142857,409.7142857142857
2021-01-14,615.7142857142857,401.7142857142857
2021-01-13,608.5714285714286,396.85714285714283
2021-01-12,599.4285714285714,388.42857142857144
2021-01-11,593.1428571428571,383
2021-01-10,582.4285714285714,377
2021-01-09,574,371.14285714285717
2021-01-08,565,364.42857142857144
2021-01-07,554.1428571428571,357.42857142857144
2021-01-06,537.2857142857143,345.57142857142856
2021-01-05,522.7142857142857,334.2857142857143
2021-01-04,509.7142857142857,322.2857142857143
2021-01-03,499.42857142857144,311.7142857142857
2021-01-02,487.7142857142857,300.7142857142857
2021-01-01,477.57142857142856,291
2020-12-31,467,279.85714285714283
2020-12-30,459.85714285714283,271
2020-12-29,454.42857142857144,264.2857142857143
2020-12-28,447.7142857142857,259
2020-12-27,439.7142857142857,252.14285714285714
2020-12-26,431.85714285714283,246.14285714285714
2020-12-25,415.85714285714283,238.71428571428572
2020-12-24,408.85714285714283,235.85714285714286
2020-12-23,401.57142857142856,232.42857142857142
2020-12-22,394.57142857142856,229.28571428571428
2020-12-21,386.57142857142856,224
2020-12-20,378.42857142857144,218.14285714285714
2020-12-19,374.14285714285717,214.71428571428572
2020-12-18,376.7142857142857,212.71428571428572
2020-12-17,374.57142857142856,209.71428571428572
2020-12-16,371.2857142857143,206.85714285714286
2020-12-15,366.57142857142856,203.28571428571428
2020-12-14,362.2857142857143,199.28571428571428
2020-12-13,357.85714285714283,195.57142857142858
2020-12-12,351.57142857142856,189
2020-12-11,344.42857142857144,183
2020-12-10,336.2857142857143,176.28571428571428
2020-12-09,325.85714285714283,168.28571428571428
2020-12-08,315.57142857142856,160.57142857142858
2020-12-07,303.14285714285717,153.57142857142858
2020-12-06,292.7142857142857,146.71428571428572
2020-12-05,280.7142857142857,140.85714285714286
2020-12-04,271.14285714285717,134.85714285714286
2020-12-03,260,129.42857142857142
2020-12-02,252.57142857142858,124.42857142857143
2020-12-01,243.71428571428572,119.42857142857143
2020-11-30,234.28571428571428,114.57142857142857
2020-11-29,225.14285714285714,110.42857142857143
2020-11-28,217.71428571428572,106.57142857142857
2020-11-27,208.85714285714286,102.57142857142857
2020-11-26,199.42857142857142,97.14285714285714
2020-11-25,187.57142857142858,93.42857142857143
2020-11-24,176.42857142857142,89.14285714285714
2020-11-23,167.57142857142858,84.42857142857143
2020-11-22,159.42857142857142,79.57142857142857
2020-11-21,152.57142857142858,74.28571428571429
2020-11-20,145.14285714285714,69.71428571428571
2020-11-19,138.71428571428572,65.42857142857143
2020-11-18,133.28571428571428,61.42857142857143
2020-11-17,128.85714285714286,58.857142857142854
2020-11-16,125.57142857142857,57.42857142857143
2020-11-15,122,56.285714285714285
2020-11-14,117.71428571428571,55.42857142857143
2020-11-13,116,55
2020-11-12,115,56.285714285714285
2020-11-11,114.14285714285714,56.57142857142857
2020-11-10,113.14285714285714,56.857142857142854
2020-11-09,113,56.857142857142854
2020-11-08,112.71428571428571,56.57142857142857
2020-11-07,113.71428571428571,57.142857142857146
2020-11-06,113.57142857142857,57.57142857142857
2020-11-05,113.57142857142857,58.857142857142854
2020-11-04,115,59.714285714285715
2020-11-03,117.71428571428571,60.142857142857146
2020-11-02,118.14285714285714,60.57142857142857
2020-11-01,118.14285714285714,61.57142857142857
2020-10-31,116.71428571428571,62.285714285714285
2020-10-30,113.57142857142857,61.857142857142854
2020-10-29,111,59.714285714285715
2020-10-28,106.85714285714286,58.42857142857143
2020-10-27,101.28571428571429,57.285714285714285
2020-10-26,97.42857142857143,56
2020-10-25,95,55.285714285714285
2020-10-24,92.85714285714286,54.714285714285715
2020-10-23,92.85714285714286,54.714285714285715
2020-10-22,92,55.714285714285715
2020-10-21,92.85714285714286,56.42857142857143
2020-10-20,93.71428571428571,56.285714285714285
2020-10-19,94.14285714285714,56.42857142857143
2020-10-18,92.85714285714286,55.57142857142857
2020-10-17,92.71428571428571,54.57142857142857
2020-10-16,93,53.57142857142857
2020-10-15,92.71428571428571,51.714285714285715
2020-10-14,91,50.42857142857143
2020-10-13,90.14285714285714,48.857142857142854
2020-10-12,89.28571428571429,47.285714285714285
2020-10-11,88,46.142857142857146
2020-10-10,85.71428571428571,45.142857142857146
2020-10-09,81.71428571428571,43.42857142857143
2020-10-08,78.71428571428571,41.857142857142854
2020-10-07,77,40.142857142857146
2020-10-06,75.14285714285714,39.714285714285715
2020-10-05,72.85714285714286,39.57142857142857
2020-10-04,72.71428571428571,38.857142857142854
2020-10-03,72.28571428571429,37.857142857142854
2020-10-02,72.85714285714286,37.57142857142857
2020-10-01,75.71428571428571,39.57142857142857
2020-09-30,76.85714285714286,41.714285714285715
2020-09-29,76.85714285714286,43.285714285714285
2020-09-28,76.28571428571429,43.42857142857143
2020-09-27,74.14285714285714,44.142857142857146
2020-09-26,72.71428571428571,45
2020-09-25,71.28571428571429,45.57142857142857
2020-09-24,68.28571428571429,43.714285714285715
2020-09-23,66.14285714285714,42.142857142857146
2020-09-22,65.28571428571429,41.57142857142857
2020-09-21,65.28571428571429,41.42857142857143
2020-09-20,66.71428571428571,41
2020-09-19,67.14285714285714,40.57142857142857
2020-09-18,67.42857142857143,40.42857142857143
2020-09-17,66.85714285714286,40.142857142857146
2020-09-16,66.71428571428571,39.714285714285715
2020-09-15,67,38.714285714285715
2020-09-14,67.14285714285714,38.42857142857143
2020-09-13,66.42857142857143,37.857142857142854
2020-09-12,66.28571428571429,37.714285714285715
2020-09-11,66.42857142857143,37.714285714285715
2020-09-10,66,37.857142857142854
2020-09-09,65.85714285714286,38
2020-09-08,65.71428571428571,38.142857142857146
2020-09-07,64.57142857142857,37.57142857142857
2020-09-06,62.857142857142854,36.714285714285715
2020-09-05,60.714285714285715,35.57142857142857
2020-09-04,58.57142857142857,34
2020-09-03,56.142857142857146,32.285714285714285
2020-09-02,54.142857142857146,30.571428571428573
2020-09-01,52.142857142857146,28.714285714285715
2020-08-31,51.714285714285715,27.142857142857142
2020-08-30,52.57142857142857,26.428571428571427
2020-08-29,52.42857142857143,25.714285714285715
2020-08-28,51.57142857142857,25.571428571428573
2020-08-27,53.142857142857146,26.428571428571427
2020-08-26,54.285714285714285,27.571428571428573
2020-08-25,55.57142857142857,29.428571428571427
2020-08-24,55.857142857142854,31
2020-08-23,55.142857142857146,32.285714285714285
2020-08-22,56.57142857142857,34
2020-08-21,58,35.285714285714285
2020-08-20,57.857142857142854,35.42857142857143
2020-08-19,58.714285714285715,35.714285714285715
2020-08-18,58.714285714285715,35.57142857142857
2020-08-17,59.285714285714285,35.714285714285715
2020-08-16,60.285714285714285,36.142857142857146
2020-08-15,60.714285714285715,35.857142857142854
2020-08-14,62.142857142857146,36.285714285714285
2020-08-13,63.142857142857146,37
2020-08-12,64.71428571428571,38
2020-08-11,66.28571428571429,39.142857142857146
2020-08-10,66.85714285714286,40
2020-08-09,68,40.857142857142854
2020-08-08,68.71428571428571,41.285714285714285
2020-08-07,69.14285714285714,41.857142857142854
2020-08-06,70.85714285714286,42.857142857142854
2020-08-05,70,42.857142857142854
2020-08-04,69.42857142857143,42.42857142857143
2020-08-03,70.57142857142857,42.142857142857146
2020-08-02,71.71428571428571,42.57142857142857
2020-08-01,72.57142857142857,43.714285714285715
2020-07-31,73.71428571428571,45.285714285714285
2020-07-30,73.14285714285714,46.285714285714285
2020-07-29,73.85714285714286,47.714285714285715
2020-07-28,75,49.285714285714285
2020-07-27,77,51.285714285714285
2020-07-26,77.85714285714286,52.714285714285715
2020-07-25,79.42857142857143,54.285714285714285
2020-07-24,81,55.42857142857143
2020-07-23,84.85714285714286,57.285714285714285
2020-07-22,89.14285714285714,59.285714285714285
2020-07-21,91.57142857142857,60
2020-07-20,91.57142857142857,60.42857142857143
2020-07-19,93.14285714285714,61.57142857142857
2020-07-18,95.14285714285714,62.57142857142857
2020-07-17,96.28571428571429,62.857142857142854
2020-07-16,97.42857142857143,62.857142857142854
2020-07-15,98,62
2020-07-14,100.42857142857143,63.42857142857143
2020-07-13,102.42857142857143,64
2020-07-12,102.57142857142857,64.28571428571429
2020-07-11,102.57142857142857,64.85714285714286
2020-07-10,103.42857142857143,67
2020-07-09,104,69.28571428571429
2020-07-08,103.71428571428571,72.28571428571429
2020-07-07,106.14285714285714,74.85714285714286
2020-07-06,109.57142857142857,78.85714285714286
2020-07-05,113,82.42857142857143
2020-07-04,115.42857142857143,85.28571428571429
2020-07-03,118.42857142857143,87.14285714285714
2020-07-02,119.57142857142857,88.57142857142857
2020-07-01,121.57142857142857,89.85714285714286
2020-06-30,123.28571428571429,92.57142857142857
2020-06-29,128.28571428571428,96.57142857142857
2020-06-28,134.85714285714286,101.57142857142857
2020-06-27,145,109.28571428571429
2020-06-26,154.28571428571428,116.85714285714286
2020-06-25,164.57142857142858,125.42857142857143
2020-06-24,176.57142857142858,135.14285714285714
2020-06-23,188.28571428571428,144.57142857142858
2020-06-22,199.71428571428572,153.71428571428572
2020-06-21,212.57142857142858,161.71428571428572
2020-06-20,223.85714285714286,169.28571428571428
2020-06-19,238.57142857142858,178.57142857142858
2020-06-18,253.57142857142858,188.85714285714286
2020-06-17,270.42857142857144,201.57142857142858
2020-06-16,288.7142857142857,216.85714285714286
2020-06-15,308.42857142857144,232.85714285714286
2020-06-14,328.85714285714283,251.71428571428572
2020-06-13,349.2857142857143,269.57142857142856
2020-06-12,367.57142857142856,287.85714285714283
2020-06-11,385.42857142857144,305.57142857142856
2020-06-10,404.14285714285717,322.42857142857144
2020-06-09,425.7142857142857,337.7142857142857
2020-06-08,446.85714285714283,354
2020-06-07,468.57142857142856,371
2020-06-06,496.14285714285717,393.42857142857144
2020-06-05,528,417.57142857142856
2020-06-04,567,446.57142857142856
2020-06-03,606.1428571428571,476.85714285714283
2020-06-02,643.1428571428571,509.57142857142856
2020-06-01,678.5714285714286,544.5714285714286
2020-05-31,712.4285714285714,576.2857142857143
2020-05-30,750.7142857142857,606.2857142857143
2020-05-29,786.4285714285714,632.1428571428571
2020-05-28,820.2857142857143,657.1428571428571
2020-05-27,859.4285714285714,691.2857142857143
2020-05-26,902.7142857142857,727.8571428571429
2020-05-25,951.2857142857143,768.1428571428571
2020-05-24,1004.1428571428571,813.5714285714286
2020-05-23,1052.142857142857,861.1428571428571
2020-05-22,1102.4285714285713,913.2857142857143
2020-05-21,1156.5714285714287,967.7142857142857
2020-05-20,1206.5714285714287,1016.5714285714286
2020-05-19,1255,1063.4285714285713
2020-05-18,1307.2857142857142,1108.2857142857142
2020-05-17,1357.142857142857,1153.142857142857
2020-05-16,1405.7142857142858,1197.2857142857142
2020-05-15,1450.857142857143,1243.142857142857
2020-05-14,1506.857142857143,1292.7142857142858
2020-05-13,1568.5714285714287,1341.5714285714287
2020-05-12,1635.5714285714287,1399.5714285714287
2020-05-11,1702,1458.857142857143
2020-05-10,1785.2857142857142,1525.142857142857
2020-05-09,1863.7142857142858,1591.857142857143
2020-05-08,1952.2857142857142,1659.142857142857
2020-05-07,2027.4285714285713,1723.2857142857142
2020-05-06,2105.285714285714,1794.7142857142858
2020-05-05,2181.8571428571427,1864.857142857143
2020-05-04,2260.4285714285716,1937.857142857143
2020-05-03,2330.8571428571427,2008.7142857142858
2020-05-02,2407,2075.285714285714
2020-05-01,2482.285714285714,2144
2020-04-30,2561.714285714286,2214.8571428571427
2020-04-29,2636.285714285714,2276.5714285714284
2020-04-28,2699.5714285714284,2332
2020-04-27,2756.714285714286,2373.1428571428573
2020-04-26,2804.1428571428573,2411
2020-04-25,2850,2453.4285714285716
2020-04-24,2892.5714285714284,2488.714285714286
2020-04-23,2931.1428571428573,2523.8571428571427
2020-04-22,2965.1428571428573,2559.1428571428573
2020-04-21,2998,2591.285714285714
2020-04-20,3025.714285714286,2626.8571428571427
2020-04-19,3055.714285714286,2652.285714285714
2020-04-18,3080.285714285714,2671.8571428571427
2020-04-17,3099.5714285714284,2689.714285714286
2020-04-16,3088.1428571428573,2685.4285714285716
2020-04-15,3061.285714285714,2672.8571428571427
2020-04-14,3036,2644.285714285714
2020-04-13,3006.714285714286,2614.285714285714
2020-04-12,2940.285714285714,2581.8571428571427
2020-04-11,2867.5714285714284,2543.714285714286
2020-04-10,2784.8571428571427,2498
2020-04-09,2714,2436
2020-04-08,2621,2345.714285714286
2020-04-07,2510,2253
2020-04-06,2367.4285714285716,2130.8571428571427
2020-04-05,2233.714285714286,1990.857142857143
2020-04-04,2077.5714285714284,1832.142857142857
2020-04-03,1902.5714285714287,1657.857142857143
2020-04-02,1716.5714285714287,1500.4285714285713
2020-04-01,1550.2857142857142,1357
2020-03-31,NA,NA
2020-03-30,NA,NA
2020-03-29,NA,NA
2020-03-28,NA,NA
2020-03-27,NA,NA
2020-03-26,NA,NA
