date,Chicago,Houston,Los Angeles,New York,Washington
2022-07-09,-27.23857142857143,-5.862857142857151,-23.924285714285713,-43.13428571428572,-23.514285714285712
2022-07-08,-26.750000000000004,-4.3342857142857225,-23.072857142857146,-42.285714285714285,-22.414285714285715
2022-07-07,-25.472857142857144,-0.98142857142858,-21.98,-40.23142857142857,-22.795714285714286
2022-07-06,-22.187142857142856,10.155714285714279,-11.49714285714286,-33.94428571428571,-23.435714285714287
2022-07-05,-19.44142857142857,12.494285714285708,-9.804285714285715,-29.64428571428571,-21.84
2022-07-04,-13.061428571428573,18.129999999999992,-6.645714285714287,-25.194285714285716,-17.575714285714287
2022-07-03,-11.468571428571428,20.51857142857142,-2.560000000000002,-24.352857142857143,-23.305714285714284
2022-07-02,-14.025714285714287,16.60857142857142,-5.060000000000002,-25.398571428571426,-27.821428571428573
2022-07-01,-15.794285714285715,16.19857142857142,-4.652857142857145,-25.58857142857143,-27.021428571428572
2022-06-30,-15.49,14.17714285714285,-5.295714285714288,-26.065714285714282,-24.948571428571427
2022-06-29,-17.69142857142857,3.001428571428563,-14.997142857142858,-31.555714285714284,-23.3
2022-06-28,-18.65285714285714,1.8671428571428488,-16.13714285714286,-34.20285714285714,-23.488571428571426
2022-06-27,-23.415714285714284,1.4728571428571346,-17.25714285714286,-35.82142857142857,-26.145714285714288
2022-06-26,-23.442857142857147,3.2185714285714204,-18.18,-35.62714285714286,-24.93
2022-06-25,-21.495714285714286,17.047142857142852,-12.784285714285716,-34.15571428571428,-23.192857142857143
2022-06-24,-21.677142857142858,19.68571428571428,-12.97857142857143,-34.83428571428571,-24.321428571428573
2022-06-23,-22.864285714285717,20.019999999999992,-12.385714285714288,-35.51142857142857,-25.96857142857143
2022-06-22,-22.178571428571427,21.619999999999994,-12.325714285714287,-35.855714285714285,-26.928571428571427
2022-06-21,-21.26571428571429,22.988571428571422,-11.454285714285717,-35.03285714285714,-26.28857142857143
2022-06-20,-18.924285714285713,22.265714285714278,-9.310000000000002,-33.74857142857143,-25.574285714285715
2022-06-19,-18.897142857142857,20.312857142857133,-9.370000000000003,-32.88285714285714,-26.875714285714285
2022-06-18,-24.07857142857143,0.5671428571428504,-17.54714285714286,-35.730000000000004,-31.298571428571428
2022-06-17,-23.114285714285717,-3.320000000000007,-17.357142857142858,-34.76,-31.034285714285716
2022-06-16,-23.57714285714286,-4.4085714285714355,-16.79714285714286,-34.23142857142857,-30.03857142857143
2022-06-15,-23.53714285714286,-4.732857142857149,-15.952857142857143,-33.135714285714286,-28.805714285714284
2022-06-14,-23.64428571428572,-5.494285714285722,-17.315714285714286,-33.56142857142857,-30.33857142857143
2022-06-13,-25.27285714285714,-4.2714285714285785,-20.197142857142858,-34.87428571428571,-31.715714285714284
2022-06-12,-28.71857142857143,-3.2485714285714353,-22.194285714285716,-34.96,-32.00142857142857
2022-06-11,-26.63571428571429,4.331428571428565,-18.981428571428573,-33.80571428571428,-29.41
2022-06-10,-27.482857142857142,5.739999999999994,-19.535714285714285,-34.60857142857143,-30.22
2022-06-09,-25.984285714285715,6.401428571428565,-20.028571428571432,-35.41571428571429,-30.311428571428568
2022-06-08,-27.35857142857143,6.201428571428565,-21.107142857142858,-37.56142857142857,-33.38142857142857
2022-06-07,-29.601428571428574,7.404285714285708,-20.19142857142857,-39.36714285714286,-33.83714285714286
2022-06-06,-30.640000000000004,3.472857142857136,-20.014285714285712,-42.24857142857143,-35.68
2022-06-05,-28.56142857142857,4.77571428571428,-17.195714285714285,-44.04,-35.55
2022-06-04,-26.751428571428573,6.6799999999999935,-14.595714285714285,-43.66285714285714,-32.607142857142854
2022-06-03,-24.755714285714287,7.864285714285708,-13.741428571428571,-44.83142857142857,-30.594285714285714
2022-06-02,-26.681428571428572,11.024285714285709,-12.011428571428572,-46.107142857142854,-31.231428571428573
2022-06-01,-26.74857142857143,14.511428571428565,-8.91,-45.037142857142854,-29.634285714285713
2022-05-31,-24.612857142857145,15.587142857142851,-6.832857142857144,-42.58571428571429,-27.324285714285715
2022-05-30,-17.52714285714286,22.948571428571423,-1.1757142857142864,-36.97428571428571,-22.391428571428573
2022-05-29,-13.827142857142858,22.72428571428571,-2.7571428571428576,-34.931428571428576,-22.671428571428574
2022-05-28,-17.565714285714286,18.69285714285714,-5.751428571428572,-35.26714285714286,-27.805714285714288
2022-05-27,-20.052857142857142,18.38714285714285,-5.652857142857143,-31.944285714285716,-28.09714285714286
2022-05-26,-17.21,16.94285714285714,-6.902857142857143,-29.28142857142857,-25.574285714285715
2022-05-25,-16.064285714285717,15.892857142857137,-8.595714285714285,-27.832857142857144,-22.46
2022-05-24,-18.475714285714286,13.71571428571428,-9.401428571428571,-28.017142857142858,-23.060000000000002
2022-05-23,-23.911428571428576,9.364285714285709,-12.615714285714287,-30.708571428571428,-24.768571428571427
2022-05-22,-29.052857142857142,6.844285714285709,-11.754285714285714,-32.94285714285714,-25.568571428571428
2022-05-21,-29.262857142857143,11.02714285714285,-10.342857142857143,-33.105714285714285,-24.49142857142857
2022-05-20,-28.011428571428574,13.174285714285707,-9.34142857142857,-35.92714285714286,-26.90285714285714
2022-05-19,-27.97714285714286,13.267142857142852,-6.450000000000001,-37.46,-29.602857142857143
2022-05-18,-26.2,12.91428571428571,-4.030000000000001,-39.17857142857143,-32.174285714285716
2022-05-17,-23.705714285714286,13.777142857142852,-2.731428571428573,-40.848571428571425,-32.575714285714284
2022-05-16,-22.150000000000002,16.288571428571423,0.14999999999999883,-41.09285714285714,-32.25
2022-05-15,-20.481428571428573,17.158571428571424,1.0214285714285705,-40.574285714285715,-31.21857142857143
2022-05-14,-19.884285714285713,12.444285714285709,-0.02857142857142961,-39.582857142857144,-30.46142857142857
2022-05-13,-20.111428571428572,11.072857142857137,-1.327142857142858,-40.228571428571435,-29.647142857142857
2022-05-12,-23.062857142857144,11.094285714285707,-6.214285714285715,-40.855714285714285,-29.099999999999998
2022-05-11,-26.215714285714284,11.142857142857137,-8.465714285714286,-39.60285714285714,-28.48
2022-05-10,-27.778571428571432,11.147142857142851,-10.091428571428574,-39.44714285714286,-28.22714285714286
2022-05-09,-30.47714285714286,10.431428571428565,-12.672857142857143,-39.67857142857143,-28.52857142857143
2022-05-08,-32.36714285714286,9.878571428571423,-13.610000000000001,-40.06857142857143,-26.584285714285716
2022-05-07,-34.43714285714286,12.205714285714281,-12.791428571428572,-40.55285714285714,-25.32
2022-05-06,-35.472857142857144,11.542857142857136,-11.608571428571429,-39.529999999999994,-23.435714285714287
2022-05-05,-33.74,11.704285714285708,-9.212857142857144,-38.81857142857143,-22.071428571428573
2022-05-04,-32.12714285714286,11.097142857142853,-8.997142857142858,-40.35285714285715,-21.49857142857143
2022-05-03,-31.618571428571432,12.822857142857137,-7.441428571428572,-40.222857142857144,-21.12857142857143
2022-05-02,-30.03,13.718571428571423,-5.984285714285716,-40.38142857142857,-22.330000000000002
2022-05-01,-27.958571428571428,13.927142857142853,-6.024285714285716,-40.88714285714286,-24.024285714285714
2022-04-30,-25.271428571428572,15.641428571428566,-5.072857142857144,-41.13142857142857,-23.46142857142857
2022-04-29,-19.79,15.151428571428566,-5.66857142857143,-41.082857142857144,-24.004285714285714
2022-04-28,-21.52714285714286,14.068571428571422,-6.518571428571429,-39.63142857142857,-23.177142857142858
2022-04-27,-21.911428571428576,13.661428571428567,-7.311428571428572,-39.09142857142857,-23.247142857142855
2022-04-26,-23.181428571428572,10.979999999999993,-8.984285714285715,-38.90857142857143,-23.38
2022-04-25,-24.66571428571429,9.32571428571428,-10.601428571428572,-39.33857142857143,-21.95285714285714
2022-04-24,-27.621428571428574,11.408571428571422,-10.724285714285715,-38.167142857142856,-21.978571428571428
2022-04-23,-29.66857142857143,7.558571428571422,-12.758571428571429,-38.49571428571428,-23.905714285714286
2022-04-22,-33.91142857142857,7.909999999999995,-12.31,-37.66285714285714,-24.678571428571427
2022-04-21,-32.394285714285715,6.707142857142851,-9.892857142857142,-38.1,-24.051428571428573
2022-04-20,-32.32857142857143,6.668571428571423,-9.709999999999999,-38.205714285714286,-25.167142857142856
2022-04-19,-31.94857142857143,6.241428571428565,-9.342857142857143,-38.35,-24.48428571428571
2022-04-18,-30.467142857142857,4.329999999999994,-9.794285714285715,-37.67714285714286,-24.02285714285714
2022-04-17,-28.23714285714286,3.287142857142851,-9.257142857142858,-37.59571428571429,-23.982857142857142
2022-04-16,-19.634285714285717,4.541428571428566,-5.941428571428572,-37.61857142857143,-23.83857142857143
2022-04-15,-19.032857142857146,4.662857142857137,-5.4871428571428575,-38.89142857142857,-24.677142857142858
2022-04-14,-18.691428571428577,5.6871428571428515,-6.335714285714287,-39.029999999999994,-25.91857142857143
2022-04-13,-18.067142857142862,6.04571428571428,-5.674285714285715,-39.455714285714286,-26.64428571428571
2022-04-12,-16.67857142857143,7.36571428571428,-6.117142857142858,-39.48571428571428,-27.79
2022-04-11,-18.602857142857147,7.721428571428565,-6.84857142857143,-39.04571428571428,-29.47
2022-04-10,-21.434285714285718,5.981428571428565,-7.45857142857143,-39.050000000000004,-28.91
2022-04-09,-27.222857142857144,10.817142857142851,-9.49,-40.142857142857146,-29.527142857142856
2022-04-08,-28.44142857142857,10.231428571428566,-10.860000000000001,-39.879999999999995,-30.09142857142857
2022-04-07,-27.825714285714287,10.729999999999993,-11.20857142857143,-40.34571428571429,-30.964285714285715
2022-04-06,-27.388571428571428,10.698571428571423,-11.554285714285715,-40.18142857142857,-31.18285714285714
2022-04-05,-27.630000000000003,9.932857142857136,-11.221428571428573,-40.230000000000004,-31.891428571428573
2022-04-04,-24.708571428571428,10.814285714285708,-10.347142857142858,-41.11,-31.138571428571428
2022-04-03,-21.224285714285717,13.257142857142851,-11.73857142857143,-42.11285714285714,-32.66142857142857
2022-04-02,-20.664285714285715,10.799999999999994,-13.054285714285715,-41.51571428571429,-31.939999999999998
2022-04-01,-20.341428571428573,11.529999999999992,-12.178571428571429,-41.96714285714285,-31.169999999999998
2022-03-31,-21.364285714285717,11.808571428571423,-11.638571428571428,-42.42285714285714,-30.854285714285712
2022-03-30,-22.718571428571433,11.269999999999994,-11.3,-42.79,-30.554285714285715
2022-03-29,-23.102857142857147,10.904285714285708,-9.26857142857143,-43.07,-30.82428571428571
2022-03-28,-25.32,9.444285714285709,-8.19857142857143,-42.44,-30.707142857142856
2022-03-27,-24.184285714285718,7.264285714285708,-5.895714285714287,-40.86571428571428,-30.125714285714285
2022-03-26,-23.29,8.029999999999994,-4.8742857142857146,-40.58,-30.87857142857143
2022-03-25,-23.52285714285714,8.45571428571428,-6.065714285714287,-39.861428571428576,-29.74857142857143
2022-03-24,-23.382857142857144,8.40571428571428,-7.571428571428572,-38.574285714285715,-28.735714285714288
2022-03-23,-21.321428571428573,8.592857142857136,-8.040000000000001,-38.65714285714286,-27.18142857142857
2022-03-22,-18.115714285714287,9.557142857142852,-9.707142857142857,-37.83142857142857,-24.047142857142855
2022-03-21,-16.63571428571429,11.59571428571428,-10.745714285714287,-37.89714285714285,-22.204285714285714
2022-03-20,-18.005714285714287,14.744285714285708,-11.477142857142857,-38.93285714285714,-21.572857142857142
2022-03-19,-20.544285714285714,14.417142857142851,-12.085714285714287,-39.528571428571425,-21.324285714285715
2022-03-18,-21.581428571428575,14.368571428571423,-11.282857142857143,-41.544285714285714,-24.041428571428572
2022-03-17,-22.472857142857144,13.04714285714285,-10.451428571428574,-43.31,-25.672857142857143
2022-03-16,-25.352857142857147,12.628571428571423,-10.445714285714287,-43.14142857142857,-28.502857142857145
2022-03-15,-28.542857142857144,12.841428571428565,-11.932857142857143,-45.174285714285716,-32.902857142857144
2022-03-14,-30.178571428571427,13.89428571428571,-12.52,-46.07,-37.08714285714286
2022-03-13,-32.38,11.341428571428565,-13.44714285714286,-47.26142857142857,-40.01428571428572
2022-03-12,-31.30428571428572,10.702857142857138,-14.615714285714287,-46.99285714285714,-40.12
2022-03-11,-27.80428571428572,11.838571428571424,-15.692857142857145,-46.12428571428571,-37.58
2022-03-10,-27.270000000000003,13.227142857142852,-17.73,-46.589999999999996,-38.26
2022-03-09,-27.574285714285715,14.619999999999994,-19.647142857142857,-47.24285714285714,-37.76857142857143
2022-03-08,-28.431428571428572,14.475714285714279,-19.830000000000002,-46.83142857142857,-36.03
2022-03-07,-29.32857142857143,14.549999999999995,-20.717142857142857,-47.64857142857142,-36.37
2022-03-06,-30.301428571428573,15.259999999999994,-20.240000000000002,-47.462857142857146,-35.425714285714285
2022-03-05,-32.917142857142856,16.852857142857136,-19.94714285714286,-47.48142857142857,-34.52857142857143
2022-03-04,-35.94428571428572,14.324285714285708,-19.31857142857143,-46.728571428571435,-35.682857142857145
2022-03-03,-36.362857142857145,13.529999999999996,-17.84714285714286,-46.34428571428572,-35.901428571428575
2022-03-02,-36.62571428571429,12.369999999999994,-17.54714285714286,-46.37285714285714,-37.574285714285715
2022-03-01,-36.86857142857143,12.848571428571422,-17.854285714285716,-45.47428571428571,-38.19857142857143
2022-02-28,-37.01142857142857,12.148571428571424,-17.697142857142858,-45.94285714285714,-38.107142857142854
2022-02-27,-33.54857142857143,14.881428571428566,-14.93714285714286,-42.43571428571429,-33.1
2022-02-26,-28.722857142857144,13.278571428571423,-8.677142857142858,-39.207142857142856,-29.53857142857143
2022-02-25,-28.71857142857143,15.488571428571422,-8.61714285714286,-39.521428571428565,-27.04714285714286
2022-02-24,-30.845714285714287,16.521428571428565,-9.01857142857143,-40.15571428571428,-26.71857142857143
2022-02-23,-35.402857142857144,16.401428571428564,-8.520000000000001,-40.794285714285714,-25.094285714285714
2022-02-22,-36.682857142857145,13.058571428571424,-7.394285714285715,-41.364285714285714,-19.527142857142856
2022-02-21,-35.39714285714286,14.229999999999995,-6.835714285714287,-41.07285714285714,-19.014285714285712
2022-02-20,-26.020000000000003,37.44714285714286,0.2685714285714269,-39.56,-17.855714285714285
2022-02-19,-32.784285714285716,35.67999999999999,-10.081428571428575,-46.31,-26.677142857142858
2022-02-18,-33.82571428571429,34.544285714285714,-11.114285714285716,-45.39142857142857,-29.618571428571432
2022-02-17,-32.77857142857143,33.41,-11.322857142857146,-44.29571428571428,-30.65285714285714
2022-02-16,-32.97714285714286,26.624285714285712,-15.78714285714286,-45.74714285714286,-34.410000000000004
2022-02-15,-32.84571428571429,25.871428571428567,-18.302857142857142,-46.787142857142854,-41.722857142857144
2022-02-14,-33.705714285714286,21.63428571428571,-20.880000000000003,-45.847142857142856,-42.861428571428576
2022-02-13,-46.5,-7.250000000000003,-33.152857142857144,-52.79714285714285,-51.83
2022-02-12,-44.127142857142864,-6.240000000000003,-29.01571428571429,-51.01428571428572,-49.06428571428571
2022-02-11,-44.34142857142858,-6.720000000000003,-28.854285714285716,-52.79714285714285,-49.80714285714286
2022-02-10,-44.75142857142857,-9.954285714285717,-30.58857142857143,-55.67,-51.394285714285715
2022-02-09,-42.044285714285714,-1.7242857142857175,-18.254285714285714,-54.55285714285714,-45.45285714285715
2022-02-08,-46.83571428571429,1.6942857142857108,-18.582857142857144,-55.971428571428575,-46.012857142857136
2022-02-07,-49.784285714285716,2.371428571428568,-18.024285714285714,-59.41428571428571,-47.978571428571435
2022-02-06,-51.88285714285714,2.612857142857139,-18.174285714285716,-60.472857142857144,-49.167142857142856
2022-02-05,-50.494285714285716,11.425714285714282,-11.685714285714287,-60.83,-47.82285714285714
2022-02-04,-50.542857142857144,12.035714285714281,-8.56857142857143,-64.81714285714285,-48.06142857142857
2022-02-03,-50.684285714285714,15.777142857142852,-6.862857142857144,-64.55285714285715,-47.42
2022-02-02,-45.83428571428572,13.411428571428567,-15.904285714285717,-64.86285714285714,-50.64142857142857
2022-02-01,-28.231428571428573,10.87428571428571,-16.45714285714286,-64.83571428571427,-50.24285714285714
2022-01-31,-26.102857142857143,9.307142857142853,-17.664285714285715,-64.42,-47.82571428571429
2022-01-30,-25.612857142857145,7.812857142857139,-17.882857142857144,-64.24428571428571,-46.642857142857146
2022-01-29,-29.638571428571428,-2.7000000000000024,-26.725714285714286,-64.94428571428571,-47.83857142857143
2022-01-28,-29.75,-4.148571428571431,-32.16571428571429,-62.15,-47.12714285714286
2022-01-27,-28.912857142857145,-5.212857142857145,-34.93857142857143,-62.48857142857143,-47.20285714285715
2022-01-26,-33.47571428571429,-7.382857142857146,-37.184285714285714,-64.02571428571429,-48.82285714285714
2022-01-25,-46.99857142857143,-7.981428571428574,-38.49142857142857,-64.69857142857143,-49.28000000000001
2022-01-24,-47.832857142857144,-7.782857142857146,-39.857142857142854,-65.02714285714286,-50.17285714285715
2022-01-23,-45.932857142857145,-1.3985714285714312,-40.02142857142858,-62.794285714285714,-47.88285714285714
2022-01-22,-43.20285714285715,0.2399999999999971,-39.13428571428572,-62.22428571428571,-52.11000000000001
2022-01-21,-41.41571428571429,-1.214285714285717,-40.12857142857143,-62.56142857142857,-53.92857142857143
2022-01-20,-42.31571428571429,-0.8528571428571458,-40.94285714285714,-62.262857142857136,-56.121428571428574
2022-01-19,-43.221428571428575,0.37142857142856883,-41.29714285714285,-62.65,-57.07
2022-01-18,-44.57,0.38571428571428285,-41.364285714285714,-63.542857142857144,-58.73857142857143
2022-01-17,-46.190000000000005,0.4614285714285687,-40.60285714285715,-65.11714285714285,-60.43857142857143
2022-01-16,-49.23142857142857,-6.6385714285714315,-41.99428571428571,-68.32285714285715,-62.90428571428572
2022-01-15,-52.17142857142858,-8.651428571428575,-43.684285714285714,-70.29428571428572,-56.487142857142864
2022-01-14,-55.917142857142856,-8.87714285714286,-43.08,-70.94428571428571,-54.65428571428572
2022-01-13,-58.63428571428572,-11.312857142857146,-43.854285714285716,-72.2357142857143,-54.68142857142857
2022-01-12,-59.98857142857143,-12.844285714285718,-44.73857142857143,-72.38571428571429,-54.48428571428571
2022-01-11,-60.88142857142857,-13.468571428571432,-45.720000000000006,-72.25,-54.37571428571429
2022-01-10,-61.25,-13.790000000000003,-45.89428571428572,-71.10285714285715,-55.26857142857143
2022-01-09,-58.74571428571429,-8.305714285714288,-44.45857142857143,-69.41,-57.55857142857143
2022-01-08,-56.31285714285714,-8.304285714285717,-43.46857142857143,-67.38571428571429,-58.54
2022-01-07,-58.09428571428572,-12.115714285714288,-45.93571428571429,-68.65714285714286,-59.94428571428572
2022-01-06,-50.50857142857143,-7.097142857142859,-41.96714285714286,-64.74142857142857,-51.49142857142857
2022-01-05,-39.92714285714286,3.569999999999998,-39.49285714285714,-59.542857142857144,-41.19285714285714
2022-01-04,-32.63,12.969999999999999,-36.534285714285716,-54.14857142857143,-35.83142857142857
2022-01-03,-32.62714285714286,8.248571428571427,-38.42,-52.15428571428571,-33.57
2022-01-02,-31.205714285714286,3.9657142857142844,-40.277142857142856,-51.01571428571429,-28.807142857142857
2022-01-01,-33.997142857142855,1.0357142857142843,-42.550000000000004,-51.40857142857143,-30.601428571428574
2021-12-31,-37.71142857142858,-4.55857142857143,-45.98571428571429,-52.01571428571429,-35.21714285714285
2021-12-30,-46.52571428571429,-8.972857142857144,-50.79714285714285,-54.79857142857143,-43.175714285714285
2021-12-29,-53.44571428571429,-14.181428571428572,-52.76285714285715,-58.05285714285714,-50.25571428571429
2021-12-28,-44.14714285714285,-7.3014285714285725,-47.034285714285716,-59.574285714285715,-48.65
2021-12-27,-39.32,-3.4014285714285726,-42.120000000000005,-59.471428571428575,-47.61857142857143
2021-12-26,-40.60285714285715,-4.487142857142858,-39.787142857142854,-59.69428571428572,-48.714285714285715
2021-12-25,-37.31285714285714,-3.325714285714287,-36.47714285714286,-58.15857142857143,-46.06857142857143
2021-12-24,-28.890000000000004,6.82142857142857,-27.792857142857144,-53.76142857142857,-37.20285714285715
2021-12-23,-23.282857142857146,7.374285714285713,-23.63571428571429,-51.26142857142857,-32.17142857142857
2021-12-22,-23.104285714285716,3.3828571428571412,-21.481428571428573,-49.44714285714286,-30.71857142857143
2021-12-21,-34.892857142857146,-11.104285714285718,-26.225714285714286,-49.208571428571425,-33.214285714285715
2021-12-20,-35.394285714285715,-9.231428571428575,-28.995714285714286,-47.13142857142857,-31.34857142857143
2021-12-19,-33.76,-7.424285714285717,-28.451428571428572,-45.59285714285714,-29.97714285714286
2021-12-18,-31.752857142857145,-6.822857142857146,-27.548571428571428,-44.08,-31.425714285714285
2021-12-17,-30.99857142857143,-8.424285714285718,-26.87714285714286,-42.68428571428571,-32.10285714285714
2021-12-16,-31.114285714285717,-9.694285714285718,-26.048571428571428,-41.48142857142857,-31.944285714285716
2021-12-15,-30.975714285714282,-10.53714285714286,-25.745714285714286,-40.19571428571429,-32.21
2021-12-14,-30.56714285714286,-11.742857142857146,-24.84,-39.4,-32.230000000000004
2021-12-13,-30.025714285714287,-11.971428571428575,-22.798571428571428,-38.89714285714285,-32.57
2021-12-12,-29.389999999999997,-13.184285714285718,-21.85857142857143,-37.91857142857143,-32.23571428571429
2021-12-11,-31.025714285714287,-12.872857142857145,-21.78,-38.09428571428571,-31.154285714285717
2021-12-10,-30.634285714285713,-11.861428571428574,-21.548571428571428,-38.46,-30.761428571428574
2021-12-09,-30.292857142857144,-11.212857142857146,-21.54,-39.279999999999994,-31.54
2021-12-08,-30.074285714285715,-10.515714285714287,-20.56714285714286,-40.18428571428571,-31.805714285714288
2021-12-07,-31.237142857142857,-9.770000000000001,-20.6,-41.284285714285716,-31.882857142857144
2021-12-06,-32.44571428571429,-10.151428571428573,-19.235714285714288,-42.58428571428571,-32.29714285714286
2021-12-05,-34.49142857142857,-9.585714285714289,-17.882857142857144,-42.66285714285714,-31.907142857142855
2021-12-04,-34.02285714285714,-8.221428571428573,-18.134285714285717,-41.41142857142857,-27.934285714285714
2021-12-03,-33.34285714285714,-7.54714285714286,-18.404285714285717,-41.46142857142858,-28.18857142857143
2021-12-02,-33.182857142857145,-5.0814285714285745,-18.23857142857143,-40.637142857142855,-27.905714285714286
2021-12-01,-34.89714285714286,-5.1542857142857175,-18.395714285714288,-38.93857142857143,-26.707142857142856
2021-11-30,-31.520000000000003,-3.2928571428571454,-15.595714285714285,-37.42,-24.24857142857143
2021-11-29,-28.44142857142857,1.0328571428571405,-13.888571428571428,-36.44285714285714,-21.66142857142857
2021-11-28,-26.025714285714287,4.907142857142854,-14.178571428571429,-36.244285714285716,-20.377142857142854
2021-11-27,-24.708571428571428,4.988571428571426,-13.164285714285715,-35.97,-23.16857142857143
2021-11-26,-25.768571428571427,6.068571428571426,-14.265714285714285,-35.05428571428571,-22.897142857142857
2021-11-25,-25.341428571428573,5.8057142857142825,-14.379999999999999,-35.181428571428576,-22.287142857142857
2021-11-24,-22.67142857142857,8.379999999999997,-13.467142857142859,-35.80428571428571,-21.405714285714286
2021-11-23,-25.50714285714286,8.079999999999997,-16.044285714285714,-35.88,-22.747142857142855
2021-11-22,-27.05,5.297142857142854,-18.14857142857143,-35.027142857142856,-24.490000000000002
2021-11-21,-27.881428571428568,2.3999999999999972,-18.32857142857143,-34.76285714285714,-26.155714285714286
2021-11-20,-28.021428571428572,3.237142857142854,-17.874285714285715,-35.44285714285714,-26.292857142857144
2021-11-19,-27.232857142857142,2.9557142857142824,-17.62,-35.60285714285714,-26.53142857142857
2021-11-18,-26.65285714285714,2.4057142857142826,-17.485714285714288,-35.787142857142854,-26.667142857142856
2021-11-17,-25.38714285714286,3.229999999999997,-15.224285714285715,-35.06428571428571,-25.84142857142857
2021-11-16,-25.25,3.4628571428571395,-15.218571428571428,-34.63428571428572,-26.01142857142857
2021-11-15,-26.554285714285715,3.2657142857142825,-15.435714285714287,-34.05714285714286,-24.698571428571427
2021-11-14,-27.127142857142854,3.5585714285714256,-17.740000000000002,-35.71142857142857,-25.412857142857142
2021-11-13,-27.59,1.5014285714285684,-19.954285714285714,-37.315714285714286,-27.22142857142857
2021-11-12,-28.102857142857143,2.009999999999997,-19.785714285714285,-37.85857142857143,-28.027142857142856
2021-11-11,-28.037142857142857,1.9042857142857113,-20.565714285714286,-38.11857142857143,-28.957142857142856
2021-11-10,-29.95714285714286,1.2414285714285682,-22.865714285714287,-39.85,-31.84857142857143
2021-11-09,-29.398571428571433,-1.404285714285718,-23.148571428571426,-41.93,-33.067142857142855
2021-11-08,-28.72857142857143,-1.2757142857142891,-22.472857142857144,-44.58142857142857,-35.95142857142857
2021-11-07,-28.484285714285715,0.10571428571428212,-21.78857142857143,-45.71714285714285,-35.621428571428574
2021-11-06,-31.095714285714287,-1.191428571428575,-22.821428571428573,-46.92,-36.58857142857143
2021-11-05,-33.137142857142855,-2.8328571428571467,-24.86285714285714,-49.215714285714284,-38.815714285714286
2021-11-04,-35.067142857142855,-3.4814285714285753,-24.14428571428571,-50.68857142857143,-40.63428571428572
2021-11-03,-28.824285714285715,0.7185714285714246,-18.602857142857143,-48.58428571428571,-35.82
2021-11-02,-27.421428571428574,4.12428571428571,-18.228571428571428,-48.00285714285714,-33.91285714285714
2021-11-01,-27.83857142857143,4.745714285714281,-18.33142857142857,-49.528571428571425,-33.15571428571429
2021-10-31,-28.95714285714286,2.732857142857139,-18.812857142857144,-49.098571428571425,-34.058571428571426
2021-10-30,-28.534285714285716,6.489999999999996,-16.62857142857143,-46.847142857142856,-31.650000000000002
2021-10-29,-23.962857142857143,8.195714285714283,-13.821428571428571,-44.91142857142857,-28.232857142857142
2021-10-28,-21.555714285714288,10.15428571428571,-13.361428571428572,-43.66142857142857,-25.625714285714285
2021-10-27,-27.415714285714284,4.121428571428568,-20.132857142857144,-46.02571428571429,-30.204285714285714
2021-10-26,-29.084285714285716,1.8185714285714254,-22.215714285714288,-46.21,-32.59142857142857
2021-10-25,-28.408571428571427,0.697142857142854,-24.37,-43.839999999999996,-31.445714285714285
2021-10-24,-26.715714285714284,1.539999999999997,-24.110000000000003,-43.74857142857143,-29.985714285714288
2021-10-23,-24.02857142857143,1.6742857142857113,-25.174285714285713,-43.798571428571435,-28.707142857142856
2021-10-22,-27.02857142857143,3.9514285714285684,-26.481428571428573,-43.92857142857143,-29.568571428571428
2021-10-21,-28.56,3.1828571428571393,-26.73,-43.46857142857143,-29.214285714285715
2021-10-20,-28.75142857142857,3.2528571428571396,-26.09857142857143,-43.20428571428572,-28.89428571428571
2021-10-19,-30.080000000000002,3.004285714285711,-25.25714285714286,-42.85,-27.962857142857143
2021-10-18,-31.06142857142857,3.6742857142857113,-24.187142857142856,-43.612857142857145,-28.755714285714284
2021-10-17,-32.76714285714286,4.034285714285711,-24.602857142857143,-43.392857142857146,-27.354285714285712
2021-10-16,-33.207142857142856,3.011428571428568,-23.512857142857143,-44.95428571428572,-29.674285714285713
2021-10-15,-31.62142857142857,1.999999999999997,-23.44142857142857,-44.925714285714285,-29.7
2021-10-14,-30.44,2.7385714285714253,-23.62714285714286,-45.26571428571429,-30.49857142857143
2021-10-13,-30.084285714285716,4.924285714285711,-23.232857142857142,-45.73571428571428,-31.315714285714286
2021-10-12,-27.107142857142858,5.839999999999997,-21.53857142857143,-45.30857142857143,-31.140000000000004
2021-10-11,-23.924285714285713,4.984285714285711,-20.47714285714286,-45.00714285714286,-31.134285714285713
2021-10-10,-19.972857142857144,6.329999999999997,-18.94,-45.05428571428571,-30.800000000000004
2021-10-09,-18.65857142857143,6.615714285714283,-18.76571428571429,-44.17142857142857,-28.25714285714286
2021-10-08,-18.91857142857143,4.895714285714282,-18.54,-43.96,-26.75
2021-10-07,-18.174285714285713,2.7028571428571397,-19.511428571428574,-44.589999999999996,-26.720000000000002
2021-10-06,-18.21857142857143,0.6357142857142826,-19.91,-44.68571428571429,-25.74142857142857
2021-10-05,-18.907142857142855,0.9328571428571397,-20.824285714285715,-45.582857142857144,-25.795714285714286
2021-10-04,-21.69142857142857,0.8499999999999969,-21.110000000000003,-45.94857142857143,-24.805714285714288
2021-10-03,-24.052857142857142,-0.8228571428571462,-20.78857142857143,-45.278571428571425,-25.54
2021-10-02,-22.10571428571429,-0.11428571428571736,-20.322857142857146,-45.339999999999996,-26.545714285714286
2021-10-01,-20.532857142857143,-0.260000000000003,-20.322857142857146,-45.55428571428571,-28.032857142857146
2021-09-30,-18.43,1.434285714285711,-19.52285714285714,-45.48285714285714,-27.84714285714286
2021-09-29,-18.422857142857143,0.3257142857142828,-19.98857142857143,-46.90714285714286,-29.084285714285716
2021-09-28,-20.689999999999998,-0.3214285714285744,-21.16714285714286,-47.57285714285714,-30.798571428571428
2021-09-27,-22,-1.0585714285714314,-22.152857142857147,-47.86857142857143,-32
2021-09-26,-23.482857142857142,-0.22714285714285984,-23.79571428571429,-48.58142857142857,-32.93
2021-09-25,-24.84857142857143,-0.9057142857142887,-24.544285714285714,-48.69428571428572,-34.04857142857143
2021-09-24,-26.038571428571426,-0.39142857142857446,-24.584285714285716,-49.220000000000006,-35.13142857142857
2021-09-23,-30.43285714285714,1.9442857142857115,-25.032857142857146,-49.56,-36.074285714285715
2021-09-22,-30.490000000000002,17.822857142857142,-24.458571428571428,-49.41571428571429,-37.75571428571429
2021-09-21,-29.06714285714286,17.798571428571428,-24.345714285714287,-49.964285714285715,-37.99571428571429
2021-09-20,-27.229999999999997,12.81285714285714,-25.064285714285717,-50.00714285714286,-39.04571428571428
2021-09-19,-25.425714285714285,3.881428571428569,-25.684285714285718,-50.215714285714284,-40.4
2021-09-18,-26.777142857142856,2.291428571428569,-27.169999999999998,-50.88,-40.294285714285714
2021-09-17,-28.658571428571427,1.2328571428571409,-27.771428571428572,-50.84285714285714,-39.720000000000006
2021-09-16,-28.01142857142857,-2.8500000000000023,-28.708571428571428,-50.701428571428565,-39.174285714285716
2021-09-15,-29.085714285714285,-19.592857142857145,-30.560000000000002,-50.62571428571429,-38.81857142857143
2021-09-14,-31.851428571428567,-21.274285714285718,-31.412857142857145,-51.138571428571424,-39.471428571428575
2021-09-13,-35.53428571428571,-18.21714285714286,-32.072857142857146,-52.89714285714285,-40.94714285714286
2021-09-12,-31.07428571428571,-4.964285714285717,-30.724285714285713,-51.67714285714286,-35.47714285714286
2021-09-11,-22.545714285714286,1.5928571428571396,-27.298571428571428,-50.15428571428571,-29.697142857142858
2021-09-10,-19.24285714285714,3.9485714285714257,-27.011428571428574,-50.94857142857143,-27.481428571428573
2021-09-09,-17.788571428571426,7.025714285714282,-25.32857142857143,-51.222857142857144,-26.759999999999998
2021-09-08,-15.272857142857143,10.737142857142855,-22.38,-52.11,-24.45285714285714
2021-09-07,-11.145714285714286,15.587142857142855,-20,-53.10142857142858,-24.65142857142857
2021-09-06,-1.9385714285714275,25.80142857142857,-16.187142857142856,-50.23857142857143,-19.55857142857143
2021-09-05,-7.495714285714285,19.789999999999996,-16.70714285714286,-51.151428571428575,-25.90285714285714
2021-09-04,-19.985714285714288,12.567142857142855,-21.134285714285713,-54.021428571428565,-34.142857142857146
2021-09-03,-22.685714285714287,11.245714285714284,-20.46857142857143,-53.034285714285716,-36.15714285714286
2021-09-02,-22.762857142857143,8.805714285714284,-21.118571428571432,-52.90571428571429,-37.097142857142856
2021-09-01,-22.87857142857143,5.821428571428569,-22.382857142857144,-51.371428571428574,-37.15857142857143
2021-08-31,-24.479999999999997,1.9742857142857126,-23.57857142857143,-49.30428571428571,-33.73428571428572
2021-08-30,-30.867142857142856,-6.7514285714285736,-25.470000000000002,-50.32142857142857,-34.92857142857143
2021-08-29,-28.315714285714282,-6.554285714285716,-25.177142857142858,-51.26428571428572,-31.032857142857146
2021-08-28,-23.844285714285714,-6.3328571428571445,-23.56857142857143,-53.894285714285715,-27.787142857142857
2021-08-27,-23.607142857142858,-8.257142857142858,-25.294285714285714,-54.61714285714286,-27.834285714285716
2021-08-26,-24.655714285714286,-8.86857142857143,-26.074285714285715,-53.83,-26.78857142857143
2021-08-25,-26.627142857142854,-8.652857142857146,-27.404285714285717,-53.478571428571435,-27.02
2021-08-24,-27.12142857142857,-8.718571428571432,-27.97142857142857,-53.67857142857143,-29.047142857142855
2021-08-23,-25.79285714285714,-7.99857142857143,-28.852857142857147,-53.614285714285714,-30.150000000000002
2021-08-22,-27.167142857142856,-7.9057142857142875,-29.54714285714286,-52.49571428571428,-32.90428571428571
2021-08-21,-26.45285714285714,-8.000000000000002,-29.63571428571429,-47.10857142857143,-33.10285714285714
2021-08-20,-25.442857142857143,-7.462857142857144,-29.7,-46.26142857142857,-33.35285714285714
2021-08-19,-25.26285714285714,-7.9542857142857155,-30.445714285714285,-47.40714285714285,-35.75142857142857
2021-08-18,-24.958571428571425,-8.24,-30.197142857142858,-48.30714285714286,-37.144285714285715
2021-08-17,-24.965714285714284,-7.760000000000001,-29.928571428571427,-48.81142857142857,-37.708571428571425
2021-08-16,-26.415714285714284,-7.5828571428571445,-30.90857142857143,-49.205714285714286,-39.45285714285715
2021-08-15,-26.74857142857143,-7.810000000000001,-31.548571428571428,-49.787142857142854,-39.06857142857143
2021-08-14,-27.845714285714283,-7.547142857142858,-32.385714285714286,-51.48285714285714,-39.347142857142856
2021-08-13,-28.657142857142855,-8.51714285714286,-32.534285714285716,-51.598571428571425,-39.41857142857143
2021-08-12,-29.922857142857143,-8.94857142857143,-32.76857142857143,-51.25571428571429,-36.95142857142857
2021-08-11,-29.485714285714288,-8.434285714285716,-32.712857142857146,-51.06142857142857,-35.035714285714285
2021-08-10,-29.62,-8.651428571428573,-33.82,-50.792857142857144,-32.86714285714286
2021-08-09,-28.972857142857144,-8.401428571428573,-33.54857142857143,-50.839999999999996,-31.442857142857143
2021-08-08,-29.415714285714284,-8.374285714285715,-33.03714285714286,-50.86571428571428,-30.565714285714286
2021-08-07,-30.544285714285714,-7.537142857142859,-33.28285714285715,-50.59571428571429,-31.571428571428573
2021-08-06,-31.175714285714285,-6.67857142857143,-33.722857142857144,-50.771428571428565,-31.520000000000003
2021-08-05,-30.442857142857143,-6.17857142857143,-33.42285714285715,-50.629999999999995,-32.81285714285714
2021-08-04,-30.19142857142857,-4.760000000000001,-32.924285714285716,-51.222857142857144,-33.14
2021-08-03,-28.708571428571425,-3.237142857142858,-32.392857142857146,-50.23857142857143,-33.57857142857143
2021-08-02,-28.192857142857143,-1.6071428571428583,-32.605714285714285,-49.80714285714286,-33.27285714285714
2021-08-01,-25.97,0.3285714285714274,-32.76,-49.50857142857143,-33.32285714285714
2021-07-31,-24.87285714285714,1.059999999999999,-33.277142857142856,-49.23857142857143,-33.13285714285714
2021-07-30,-24.387142857142855,2.0999999999999988,-33.29142857142857,-48.79,-33.902857142857144
2021-07-29,-23.68,3.662857142857142,-34.287142857142854,-48.93571428571429,-33.78285714285715
2021-07-28,-23.755714285714284,2.638571428571428,-35.17714285714286,-47.98142857142857,-34.597142857142856
2021-07-27,-24.504285714285714,1.295714285714285,-35.13428571428572,-48.98142857142857,-35.28
2021-07-26,-24.214285714285715,0.7899999999999993,-35.53142857142857,-48.76285714285715,-35.58571428571429
2021-07-25,-25.795714285714286,-0.40000000000000074,-35.537142857142854,-47.71857142857142,-36.33571428571429
2021-07-24,-25.80857142857143,-1.2085714285714293,-35.582857142857144,-46.777142857142856,-35.472857142857144
2021-07-23,-25.06714285714286,-1.2342857142857149,-35.70857142857143,-46.62285714285714,-35.050000000000004
2021-07-22,-26.024285714285714,-1.7071428571428577,-35.02428571428572,-46.16428571428571,-35.21571428571429
2021-07-21,-26.198571428571427,-0.8200000000000008,-35.04857142857143,-45.50857142857143,-35.08571428571428
2021-07-20,-26.054285714285715,0.5385714285714277,-35.462857142857146,-44.99571428571429,-35.49
2021-07-19,-26.428571428571427,-0.2657142857142866,-35.54857142857143,-45.49857142857143,-36.34571428571429
2021-07-18,-26.447142857142858,-0.13142857142857228,-36.27142857142857,-47.23714285714285,-37.544285714285714
2021-07-17,-27.971428571428568,0.34285714285714203,-36.11142857142857,-48.20428571428572,-38.85142857142858
2021-07-16,-28.92142857142857,0.8199999999999992,-36.83428571428572,-48.794285714285714,-38.57714285714286
2021-07-15,-28.047142857142855,0.8057142857142849,-37.104285714285716,-49.66571428571428,-39.94571428571429
2021-07-14,-28.608571428571427,0.09428571428571351,-36.59428571428572,-51.44,-40.67714285714286
2021-07-13,-29.354285714285712,-0.644285714285715,-36.52428571428572,-52.57142857142857,-41.048571428571435
2021-07-12,-30.302857142857142,-1.3257142857142863,-36.27285714285715,-54.26285714285715,-41.472857142857144
2021-07-11,-24.995714285714286,3.314285714285713,-31.774285714285718,-52.32142857142857,-33.90571428571429
2021-07-10,-22.618571428571432,0.5757142857142844,-34.49,-52.28857142857142,-30.09714285714286
2021-07-09,-21.16142857142857,0.11428571428571284,-33.751428571428576,-52.25714285714286,-28.677142857142858
2021-07-08,-20.965714285714284,4.084285714285713,-32.46142857142858,-51.36,-27.85571428571429
2021-07-07,-18.404285714285717,12.102857142857141,-24.392857142857142,-47.861428571428576,-29.372857142857146
2021-07-06,-18.444285714285716,13.762857142857142,-23,-46.06428571428571,-29.174285714285713
2021-07-05,-22.928571428571427,8.442857142857141,-26.852857142857143,-48.228571428571435,-32.80285714285714
2021-07-04,-28.907142857142855,4.29142857142857,-29.325714285714287,-49.39857142857143,-39.69571428571429
2021-07-03,-27.99857142857143,7.949999999999998,-25.798571428571428,-49.44,-42.86571428571428
2021-07-02,-30.5,9.251428571428571,-24.919999999999998,-49.379999999999995,-43.83857142857143
2021-07-01,-31.365714285714287,6.369999999999998,-25.805714285714288,-49.61,-42.49857142857143
2021-06-30,-34.71,-2.2514285714285727,-33.931428571428576,-52.01571428571429,-40.135714285714286
2021-06-29,-35.089999999999996,-3.6300000000000017,-34.832857142857144,-53.050000000000004,-39.35142857142858
2021-06-28,-30.898571428571426,3.1785714285714275,-30.857142857142858,-49.901428571428575,-36.29857142857143
2021-06-27,-29.79285714285714,3.0357142857142847,-32.252857142857145,-50.61,-36.987142857142864
2021-06-26,-29.57428571428571,15.755714285714287,-29.705714285714286,-49.35142857142857,-35.75
2021-06-25,-28.93857142857143,17.484285714285715,-30.490000000000002,-49.90714285714286,-37.244285714285716
2021-06-24,-29.024285714285714,18.3,-29.794285714285714,-49.99285714285714,-38.300000000000004
2021-06-23,-27.52142857142857,19.74285714285714,-29.76,-49.69714285714286,-38.53857142857142
2021-06-22,-26.287142857142857,20.414285714285715,-29.631428571428575,-49.46714285714285,-38.77142857142858
2021-06-21,-27.055714285714284,19.064285714285713,-31.091428571428573,-48.794285714285714,-37.917142857142856
2021-06-20,-27.155714285714286,19.787142857142857,-30.72142857142857,-48.55428571428571,-37.47571428571428
2021-06-19,-31.639999999999997,0.5900000000000009,-36.67142857142857,-50.66857142857143,-41.33571428571429
2021-06-18,-30.52,-2.8471428571428565,-37.044285714285714,-49.957142857142856,-40.424285714285716
2021-06-17,-30.47714285714286,-3.9099999999999997,-38.35285714285715,-50.51857142857143,-42.07
2021-06-16,-30.788571428571426,-3.538571428571428,-39.142857142857146,-50.535714285714285,-43.51428571428572
2021-06-15,-31.337142857142855,-3.4671428571428566,-41.09428571428572,-51.46142857142858,-45.34428571428571
2021-06-14,-31.95,-2.1028571428571423,-41.787142857142854,-52.887142857142855,-46.76714285714286
2021-06-13,-36.308571428571426,-2.9285714285714275,-44.699999999999996,-53.019999999999996,-48.50428571428571
2021-06-12,-34.894285714285715,4.5914285714285725,-42.12428571428571,-52.652857142857144,-46.67714285714286
2021-06-11,-35.62285714285714,5.968571428571429,-42.00285714285714,-53.48428571428571,-47.642857142857146
2021-06-10,-36.12714285714286,6.760000000000001,-42.16142857142857,-54.50714285714286,-46.79571428571428
2021-06-09,-37.65571428571428,5.788571428571429,-42.925714285714285,-56.675714285714285,-48.145714285714284
2021-06-08,-39.43,6.96857142857143,-42.34428571428572,-57.387142857142855,-47.91142857142857
2021-06-07,-38.847142857142856,4.457142857142858,-41.861428571428576,-58.26571428571429,-48.48571428571428
2021-06-06,-33.55571428571428,8.151428571428573,-38.69857142857143,-57.45428571428572,-44.47428571428571
2021-06-05,-30.908571428571427,10.827142857142858,-36.332857142857144,-58.51142857142857,-41.82
2021-06-04,-29.46,11.564285714285717,-36.00571428571429,-60.47571428571428,-41.388571428571424
2021-06-03,-31.58142857142857,12.772857142857145,-35.54714285714286,-61.58857142857143,-42.32285714285714
2021-06-02,-32.32285714285714,15.565714285714288,-33.472857142857144,-60.31571428571429,-39.82714285714286
2021-06-01,-29.978571428571428,16.141428571428573,-31.545714285714286,-59.87714285714286,-39.56428571428571
2021-05-31,-26.55142857142857,22.895714285714288,-28.28142857142857,-57.30285714285714,-36.97428571428571
2021-05-30,-27.99285714285714,18.81714285714286,-29.728571428571428,-58.73285714285714,-40.22571428571428
2021-05-29,-33.21142857142857,13.932857142857145,-33.05285714285714,-58.17714285714286,-43.91857142857143
2021-05-28,-34.60285714285714,13.675714285714289,-33.215714285714284,-55.36714285714286,-43.20428571428572
2021-05-27,-30.571428571428573,12.86857142857143,-33.22857142857143,-52.980000000000004,-41.09285714285714
2021-05-26,-28.998571428571427,11.794285714285717,-33.582857142857144,-53.30571428571428,-41.24285714285714
2021-05-25,-32.47428571428571,6.52857142857143,-34.37285714285714,-53.95285714285715,-41.464285714285715
2021-05-24,-37.06,1.4200000000000021,-36.54714285714285,-56.50714285714286,-43.21142857142858
2021-05-23,-40.645714285714284,-1.1685714285714266,-36.22714285714286,-57.957142857142856,-43.98285714285714
2021-05-22,-38.60285714285714,1.3385714285714303,-35.51142857142857,-58.798571428571435,-45.214285714285715
2021-05-21,-39.68,2.6828571428571446,-35.53,-60.68285714285714,-47.47571428571428
2021-05-20,-40.925714285714285,3.6700000000000017,-35.95142857142857,-61.92142857142857,-50.29571428571428
2021-05-19,-41.04857142857143,3.5371428571428587,-37.028571428571425,-62.83714285714286,-52.25
2021-05-18,-40.934285714285714,5.915714285714287,-37.25142857142857,-63.371428571428574,-53.52571428571429
2021-05-17,-41.44,6.45857142857143,-36.705714285714286,-63.29571428571428,-54.10142857142857
2021-05-16,-40.55714285714286,11.120000000000003,-36.097142857142856,-63.01,-54.51142857142857
2021-05-15,-42.705714285714286,6.191428571428573,-37.635714285714286,-61.70428571428572,-53.43571428571429
2021-05-14,-43.089999999999996,4.554285714285717,-39.277142857142856,-62.471428571428575,-52.959999999999994
2021-05-13,-44.98857142857143,3.458571428571431,-41.394285714285715,-62.808571428571426,-52.82857142857143
2021-05-12,-47.66571428571429,2.855714285714288,-42.46,-62.84142857142857,-52.92285714285714
2021-05-11,-46.82285714285714,2.8771428571428594,-43.18571428571429,-63.14857142857143,-52.642857142857146
2021-05-10,-47.29,1.770000000000002,-44.434285714285714,-63.221428571428575,-53.77285714285715
2021-05-09,-48.37571428571429,-3.124285714285712,-46.67142857142857,-63.90714285714286,-54.96714285714285
2021-05-08,-47.34142857142857,0.011428571428573595,-46.23285714285714,-64.71285714285715,-54.42285714285714
2021-05-07,-46.46714285714285,-0.8128571428571408,-45.61571428571428,-64.68428571428572,-54.160000000000004
2021-05-06,-46.99285714285714,-2.4157142857142837,-44.18857142857143,-65.22857142857143,-54.55571428571428
2021-05-05,-47.09428571428571,-3.425714285714284,-43.864285714285714,-66.55571428571429,-55.029999999999994
2021-05-04,-49.33142857142857,-3.509999999999998,-44.612857142857145,-65.85285714285715,-55.089999999999996
2021-05-03,-45.58428571428571,-2.3871428571428552,-44.87,-66.08714285714287,-54.39714285714285
2021-05-02,-42.86,1.017142857142859,-45.42714285714286,-65.84714285714286,-54.19285714285714
2021-05-01,-42.291428571428575,2.7300000000000018,-45.43714285714286,-67.39285714285714,-55.76
2021-04-30,-41.25142857142857,3.5871428571428585,-45.402857142857144,-66.97714285714285,-57.67142857142857
2021-04-29,-40.90857142857143,2.364285714285716,-46.08,-66.81285714285714,-57.472857142857144
2021-04-28,-41.05428571428571,1.9742857142857158,-46.98142857142857,-66.86714285714285,-58.84571428571428
2021-04-27,-41.417142857142856,1.5014285714285731,-48.417142857142856,-68.71428571428571,-60.605714285714285
2021-04-26,-46.521428571428565,2.111428571428573,-48.94428571428572,-68.55142857142857,-60.47428571428571
2021-04-25,-50.08142857142857,3.021428571428573,-48.52285714285715,-68.60142857142857,-60.034285714285716
2021-04-24,-52.96714285714285,-3.489999999999998,-48.88857142857143,-68.43142857142857,-61.082857142857144
2021-04-23,-59.11571428571428,-13.938571428571427,-52.16571428571429,-72.05857142857143,-65.88
2021-04-22,-59.708571428571425,-13.298571428571426,-51.18714285714286,-72.95428571428572,-66.10857142857142
2021-04-21,-59.958571428571425,-14.139999999999999,-51.81428571428571,-74.03142857142858,-65.99285714285715
2021-04-20,-59.80285714285714,-15.547142857142855,-51.674285714285716,-73.72,-66.67
2021-04-19,-59.30142857142857,-18.322857142857142,-53.347142857142856,-74.84857142857142,-68.17285714285714
2021-04-18,-58.35142857142857,-19.307142857142853,-54.15428571428571,-76.25285714285714,-69.54142857142857
2021-04-17,-53.30714285714286,-13.648571428571428,-53.70428571428572,-77.86285714285714,-69.02428571428571
2021-04-16,-50.425714285714285,-3.1199999999999974,-51.012857142857136,-75.41142857142857,-64.22714285714287
2021-04-15,-50.22428571428571,-1.7828571428571407,-51.94,-75.46714285714286,-64.73714285714286
2021-04-14,-50.72428571428571,0.21428571428571658,-51.31428571428571,-73.92571428571429,-63.75142857142857
2021-04-13,-49.01714285714286,1.330000000000002,-51.17857142857143,-73.62,-61.65
2021-04-12,-48.037142857142854,1.5085714285714307,-50.90428571428571,-73.19000000000001,-60.44142857142857
2021-04-11,-49.47714285714285,-0.35999999999999793,-51.142857142857146,-72.21000000000001,-58.14142857142857
2021-04-10,-51.22714285714285,8.608571428571432,-52.544285714285714,-70.2,-57.29
2021-04-09,-50.02428571428572,6.241428571428573,-53.94428571428572,-71.01285714285714,-58.151428571428575
2021-04-08,-49.638571428571424,6.410000000000003,-54.74,-71.36571428571429,-57.94857142857143
2021-04-07,-47.18714285714286,5.530000000000002,-55.575714285714284,-72.34,-58.80142857142857
2021-04-06,-47.52285714285714,4.895714285714287,-56.25857142857143,-73.23714285714286,-60.888571428571424
2021-04-05,-46.38428571428572,4.9371428571428595,-56.50857142857143,-73.38142857142857,-59.721428571428575
2021-04-04,-43.31714285714286,6.394285714285716,-56.607142857142854,-73.39857142857143,-60.52428571428572
2021-04-03,-44.347142857142856,-2.564285714285712,-56.80571428571428,-75.75428571428571,-63.33
2021-04-02,-45.16571428571429,-1.6528571428571404,-57.082857142857144,-75.57142857142857,-63.23428571428571
2021-04-01,-46.480000000000004,-2.141428571428569,-57.19,-75.47,-63.78142857142858
2021-03-31,-48.84285714285714,-3.265714285714283,-57.597142857142856,-75.21285714285715,-64.50857142857143
2021-03-30,-49.48857142857143,-4.481428571428569,-57.44142857142857,-75.80857142857143,-65.07142857142857
2021-03-29,-51.65,-5.871428571428568,-57.33857142857143,-76.02,-67.86142857142856
2021-03-28,-52.40714285714286,-8.25285714285714,-57.69285714285714,-76.13714285714286,-69.04857142857142
2021-03-27,-50.56714285714286,-8.004285714285713,-57.894285714285715,-74.25,-67.95285714285714
2021-03-26,-50.29714285714285,-7.49285714285714,-58.33571428571429,-73.76,-68.05142857142857
2021-03-25,-49.74571428571429,-8.569999999999997,-59.36142857142857,-74.40285714285714,-69.00142857142858
2021-03-24,-50.355714285714285,-7.648571428571427,-60.00285714285714,-75.48,-69.34
2021-03-23,-50.028571428571425,-5.831428571428569,-60.6,-74.99285714285715,-67.94285714285715
2021-03-22,-50.55714285714286,-3.6557142857142835,-60.9,-75.95142857142856,-68.29
2021-03-21,-54.074285714285715,-1.5942857142857123,-61.972857142857144,-76.89,-68.81571428571428
2021-03-20,-58.88857142857143,-4.355714285714283,-63.05571428571428,-77.90714285714286,-68.78428571428572
2021-03-19,-60.315714285714286,-5.975714285714283,-63.33857142857143,-78.39714285714285,-68.59285714285714
2021-03-18,-62.26571428571429,-7.092857142857141,-64.25428571428571,-77.76571428571428,-68.22714285714287
2021-03-17,-62.292857142857144,-9.55142857142857,-64.99428571428571,-76.25142857142858,-66.71857142857142
2021-03-16,-63.38714285714286,-11.32142857142857,-68.03857142857143,-76.02285714285713,-66.50571428571429
2021-03-15,-61.824285714285715,-13.132857142857139,-69.19857142857143,-75.15142857142857,-65.98
2021-03-14,-59.00285714285714,-16.205714285714283,-68.88571428571429,-75.28571428571429,-66.50571428571429
2021-03-13,-57.01571428571429,-15.62428571428571,-69.76,-75.35714285714286,-67.76857142857143
2021-03-12,-55.81571428571429,-14.22142857142857,-70.75857142857143,-76.12428571428572,-68.59
2021-03-11,-54.88714285714286,-14.218571428571426,-70.92,-77.24857142857142,-69.29714285714286
2021-03-10,-55.39142857142857,-13.899999999999997,-71.47571428571429,-78.53857142857143,-71.00142857142858
2021-03-09,-55.29,-13.92285714285714,-70.22428571428571,-77.79285714285713,-71.53714285714285
2021-03-08,-56.81285714285714,-14.439999999999998,-69.47571428571429,-78.18142857142857,-71.62857142857142
2021-03-07,-58.30142857142857,-16.39142857142857,-69.50142857142858,-77.59285714285714,-71.35428571428572
2021-03-06,-59.951428571428565,-18.025714285714283,-69.43571428571428,-77.6557142857143,-72.19
2021-03-05,-60.69142857142857,-20.407142857142855,-69.13857142857144,-76.73285714285714,-71.75857142857143
2021-03-04,-61.21999999999999,-20.47285714285714,-69.08428571428571,-75.78,-71.63571428571429
2021-03-03,-61.058571428571426,-22.31,-68.84142857142857,-75.31142857142856,-71.30571428571429
2021-03-02,-61.68857142857143,-24.569999999999997,-68.75571428571429,-75.47,-70.46
2021-03-01,-62.114285714285714,-26.48142857142857,-69.42714285714285,-75.86285714285714,-71.12428571428572
2021-02-28,-62.75428571428571,-26.44571428571428,-70.34285714285714,-76.77,-71.83285714285714
2021-02-27,-64.43428571428572,-28.821428571428566,-70.78,-76.66714285714285,-71.23857142857142
2021-02-26,-66.91714285714286,-32.35,-71.43714285714286,-77.29142857142857,-72.39142857142858
2021-02-25,-68.85142857142857,-38.97714285714285,-71.92714285714285,-78.83571428571429,-73.56428571428572
2021-02-24,-71.07142857142857,-46.021428571428565,-72.55571428571429,-80.73,-75.72857142857143
2021-02-23,-72.91571428571429,-53.23428571428571,-72.78714285714285,-81.66571428571429,-77.38714285714286
2021-02-22,-74.33000000000001,-59.93428571428571,-73.13285714285715,-81.36428571428571,-76.82428571428571
2021-02-21,-75.42,-66.45285714285714,-72.34714285714286,-79.54714285714286,-74.2942857142857
2021-02-20,-72.57571428571428,-65.77142857142857,-70.25142857142858,-77.33142857142857,-72.16857142857143
2021-02-19,-72.99714285714286,-64.76142857142857,-70.47714285714287,-77.98714285714286,-73.19285714285715
2021-02-18,-73.90857142857143,-64.77285714285713,-72.08571428571429,-78.47428571428573,-73.67857142857143
2021-02-17,-72.99428571428571,-60.32857142857142,-72.41571428571429,-78.50714285714285,-72.37857142857142
2021-02-16,-72.85714285714286,-53.76857142857143,-73.46571428571428,-79.89428571428572,-72.78571428571429
2021-02-15,-72.87142857142858,-47.75,-74.42857142857143,-81.69285714285715,-73.38428571428572
2021-02-14,-73.41571428571429,-42.79857142857143,-76.07428571428571,-84.37571428571428,-75.63714285714286
2021-02-13,-78.48,-46.9,-79.58571428571429,-90.04142857142857,-79.86857142857143
2021-02-12,-79.53714285714285,-46.54571428571428,-79.95857142857143,-91.15428571428572,-78.57428571428571
2021-02-11,-79.18142857142857,-43.61,-79.24857142857142,-91.63428571428572,-76.73857142857142
2021-02-10,-80.30285714285715,-42.98571428571428,-79.63857142857144,-91.47142857142856,-75.82571428571428
2021-02-09,-80.22571428571429,-43.84142857142857,-80.09571428571428,-91.81428571428572,-75.48285714285714
2021-02-08,-80.10714285714286,-43.65428571428571,-80.24142857142856,-92.31714285714285,-76.03
2021-02-07,-79.78857142857143,-42.68,-80.27142857142857,-93.07857142857142,-76.68714285714286
2021-02-06,-79.25857142857141,-31.951428571428572,-79.76857142857143,-92.05285714285715,-76.58000000000001
2021-02-05,-79.37428571428572,-32.294285714285714,-81.62,-92.86571428571429,-76.68857142857144
2021-02-04,-78.95714285714287,-31.128571428571426,-84.23285714285714,-93.67857142857143,-77.52857142857144
2021-02-03,-78.38571428571429,-29.815714285714282,-87.17714285714285,-93.95714285714287,-78.16571428571429
2021-02-02,-78.94857142857143,-29.009999999999998,-89.24857142857142,-93.50428571428571,-78.08857142857143
2021-02-01,-79.78999999999999,-28.909999999999997,-91.23428571428572,-93.07428571428571,-77.80428571428571
2021-01-31,-80.61,-29.648571428571426,-93.32428571428571,-92.03285714285714,-77.01571428571428
2021-01-30,-80.04285714285713,-38.01571428571429,-96.89999999999999,-91.86428571428571,-75.82571428571428
2021-01-29,-79.52285714285713,-37.66142857142857,-99.01142857142858,-91.37571428571428,-76.78857142857143
2021-01-28,-81.22857142857143,-38.04714285714285,-99.92714285714285,-90.30999999999999,-77.57428571428571
2021-01-27,-81.71428571428571,-39.410000000000004,-99.94285714285715,-90.00571428571428,-78.91714285714285
2021-01-26,-82.20857142857143,-39.24285714285714,-99.96428571428571,-90.19428571428571,-80.23714285714286
2021-01-25,-82.26857142857143,-39.92142857142857,-99.97857142857143,-89.71142857142857,-80.66857142857143
2021-01-24,-80.69428571428571,-37.62714285714286,-99.99857142857142,-88.26571428571428,-80.65857142857143
2021-01-23,-80.7242857142857,-36.60142857142857,-99.99857142857142,-87.63428571428572,-82.62
2021-01-22,-81.83857142857143,-37.01,-99.99857142857142,-87.2042857142857,-84.82142857142857
2021-01-21,-81.01571428571428,-37.04714285714285,-99.99857142857142,-87.33142857142856,-86.8157142857143
2021-01-20,-81.46000000000001,-35.497142857142855,-99.99857142857142,-87.09714285714286,-87.12
2021-01-19,-81.37857142857142,-35.46,-99.99857142857142,-86.88714285714286,-87.77714285714286
2021-01-18,-81.32285714285715,-34.65714285714286,-100,-86.99285714285713,-88.64428571428572
2021-01-17,-82.61857142857141,-36.49,-100,-88.6542857142857,-90.19571428571429
2021-01-16,-82.90857142857143,-38.78857142857142,-100,-89.26142857142857,-89.90142857142857
2021-01-15,-82.53999999999999,-38.83,-100,-90.10857142857142,-89.9557142857143
2021-01-14,-83.24,-37.03857142857142,-100,-90.47857142857143,-89.83428571428571
2021-01-13,-82.94857142857143,-37.49857142857143,-99.99857142857142,-90.86142857142856,-89.61285714285714
2021-01-12,-82.67999999999999,-38.385714285714286,-99.99857142857142,-90.98857142857142,-89.88571428571429
2021-01-11,-82.20714285714287,-37.79,-99.99428571428572,-91.01571428571428,-88.75
2021-01-10,-81.83,-35.964285714285715,-99.99428571428572,-90.67999999999999,-87.30142857142857
2021-01-09,-82.41857142857144,-33.11714285714286,-99.99428571428572,-91.51428571428572,-87.73428571428572
2021-01-08,-83.17857142857143,-32.35,-99.99428571428572,-90.91857142857144,-85.87571428571428
2021-01-07,-83.21428571428571,-35.934285714285714,-99.99,-91.00571428571428,-85.88285714285713
2021-01-06,-79.51142857142858,-19.471428571428568,-99.96857142857142,-89.39428571428572,-82.87285714285714
2021-01-05,-78.44857142857143,-11.284285714285712,-99.96857142857142,-88.38,-81.0942857142857
2021-01-04,-79.23714285714286,-14.134285714285712,-99.96714285714286,-88.33857142857143,-82.11428571428571
2021-01-03,-79.27142857142857,-14.289999999999997,-99.95714285714287,-88.07285714285715,-82.51714285714286
2021-01-02,-79.82285714285715,-15.46285714285714,-99.9557142857143,-87.73142857142857,-82.43142857142857
2021-01-01,-80.86428571428571,-17.045714285714283,-99.94428571428571,-89.15857142857143,-85.22
2020-12-31,-83.16142857142857,-20.97,-99.93571428571428,-89.71285714285715,-86.30285714285715
2020-12-30,-87.83714285714287,-32.895714285714284,-99.95285714285714,-91.06857142857143,-89.83571428571429
2020-12-29,-85.19571428571429,-26.24142857142857,-99.9057142857143,-91.49428571428572,-86.86285714285714
2020-12-28,-83.44285714285715,-23.56714285714286,-99.91142857142857,-91.43857142857142,-84.41999999999999
2020-12-27,-83.60285714285715,-25.148571428571426,-99.92142857142858,-92.12285714285714,-83.5942857142857
2020-12-26,-83.50857142857141,-26.434285714285714,-99.92285714285715,-92.4342857142857,-81.00285714285714
2020-12-25,-82.78428571428572,-26.167142857142856,-99.9057142857143,-92.16,-76.97142857142856
2020-12-24,-80.90285714285713,-21.244285714285713,-99.89714285714285,-92.09714285714286,-74
2020-12-23,-80.46571428571428,-26.9,-99.89428571428572,-93.20142857142856,-72.80428571428571
2020-12-22,-84.69714285714285,-41.73428571428571,-99.93142857142857,-94.66571428571429,-76.96285714285715
2020-12-21,-86.25714285714285,-44.07714285714285,-99.92714285714285,-94.96000000000001,-78.42714285714285
2020-12-20,-86.69142857142857,-45.21999999999999,-99.92571428571429,-95.2042857142857,-79.26714285714286
2020-12-19,-86.46428571428571,-47.40857142857142,-99.92571428571429,-92.72714285714287,-78.98
2020-12-18,-86.96857142857142,-48.8,-99.91428571428571,-90.84571428571428,-79.06714285714285
2020-12-17,-87.50285714285714,-50.597142857142856,-99.92571428571429,-88.93285714285715,-78.09571428571428
2020-12-16,-86.81714285714285,-51.40571428571428,-99.91285714285713,-87.42285714285715,-77.62285714285714
2020-12-15,-86.33142857142856,-52.26714285714286,-99.92285714285715,-86.11142857142856,-76.75
2020-12-14,-86.53714285714285,-52.02571428571429,-99.91857142857143,-85.54285714285713,-76.56714285714285
2020-12-13,-86.7942857142857,-52.631428571428565,-99.92,-84.68285714285715,-76.53
2020-12-12,-87.38857142857144,-50.12571428571429,-99.92,-85.66,-76.98142857142857
2020-12-11,-87.14857142857143,-49.15571428571428,-99.83714285714287,-86.44428571428571,-77.52428571428571
2020-12-10,-86.85142857142857,-47.54714285714285,-99.83285714285715,-87.26428571428572,-78.53
2020-12-09,-87.66857142857143,-46.87428571428571,-99.81714285714285,-87.21285714285715,-78.41285714285713
2020-12-08,-88.70857142857143,-46.56,-99.80142857142857,-87.17285714285715,-78.14571428571428
2020-12-07,-89.04571428571428,-45.925714285714285,-99.78142857142858,-86.91,-78.2757142857143
2020-12-06,-89.41857142857143,-45.32857142857143,-99.75285714285714,-87.02285714285713,-77.79857142857144
2020-12-05,-89.32428571428571,-44.6,-99.72857142857143,-85.78285714285714,-76.09571428571428
2020-12-04,-89.08285714285714,-45.92714285714286,-99.83142857142856,-85.19571428571429,-75.56714285714285
2020-12-03,-89.47714285714287,-47.06428571428571,-99.82714285714285,-84.75571428571428,-75.65857142857143
2020-12-02,-90.05999999999999,-46.66857142857143,-99.71571428571428,-84.34857142857143,-74.80999999999999
2020-12-01,-89.45285714285714,-43.01857142857143,-94.33714285714287,-83.83000000000001,-73.86571428571429
2020-11-30,-89.18714285714285,-40.410000000000004,-88.78142857142858,-83.59285714285714,-72.98142857142857
2020-11-29,-88.71714285714286,-38.362857142857145,-84.98714285714286,-83.0257142857143,-72.58714285714287
2020-11-28,-89.26142857142858,-37.79571428571428,-80.05999999999999,-83.87714285714286,-73.74857142857142
2020-11-27,-90.27714285714286,-34.86714285714286,-75.39142857142858,-82.93714285714286,-73.32428571428571
2020-11-26,-89.65142857142857,-32.17857142857143,-71.31428571428572,-81.97857142857143,-72.08714285714287
2020-11-25,-88.40142857142857,-30.745714285714286,-66.86999999999999,-81.93285714285715,-72.55571428571429
2020-11-24,-88.92571428571429,-33.112857142857145,-68.42999999999999,-81.99857142857142,-73.30571428571429
2020-11-23,-89.18714285714285,-35.15142857142857,-70.44714285714285,-81.74857142857142,-73.65428571428572
2020-11-22,-89.39999999999999,-36.57285714285714,-70.68714285714286,-81.21428571428571,-73.61
2020-11-21,-88.94142857142857,-36.201428571428565,-69.5957142857143,-81.08142857142856,-73.51857142857143
2020-11-20,-88.19142857142857,-36.512857142857136,-68.47714285714285,-80.7942857142857,-73.46857142857142
2020-11-19,-87.7942857142857,-36.65714285714285,-67.26571428571428,-81.21142857142857,-72.79428571428572
2020-11-18,-87.67999999999999,-36.72714285714285,-66.80142857142857,-81.13285714285713,-72.86
2020-11-17,-86.82571428571428,-35.54285714285714,-65.45857142857143,-80.6557142857143,-71.86428571428571
2020-11-16,-86.22142857142856,-35.004285714285714,-64.96142857142857,-78.83142857142856,-69.76142857142858
2020-11-15,-82.50142857142858,-34.18142857142857,-65.26571428571428,-78.33,-69.41142857142857
2020-11-14,-78.58,-35.705714285714286,-66.5957142857143,-77.33,-68.55428571428571
2020-11-13,-75.38714285714286,-35.074285714285715,-66.91285714285713,-76.88285714285713,-67.83285714285714
2020-11-12,-72.72,-34.71857142857143,-66.94,-75.93285714285715,-68.01
2020-11-11,-71.48142857142857,-34.70285714285714,-67.55142857142857,-75.37142857142858,-68.26428571428572
2020-11-10,-70.0957142857143,-35.94857142857143,-69.71428571428571,-75.78857142857143,-69.47714285714287
2020-11-09,-69.16571428571429,-36.72571428571428,-71.69285714285715,-78.30285714285715,-71.64142857142858
2020-11-08,-72.18285714285715,-36.47142857142857,-71.41285714285713,-79.26285714285714,-71.74571428571429
2020-11-07,-76.14285714285714,-33.82285714285714,-70.64428571428572,-80.64142857142858,-73.15857142857143
2020-11-06,-78.38285714285715,-37.278571428571425,-71.18428571428572,-81.87428571428572,-74.80714285714285
2020-11-05,-80.59428571428573,-37.29,-70.75285714285714,-82.83571428571429,-74.67571428571429
2020-11-04,-74.04285714285716,-34.54571428571428,-67.37142857142858,-83.18714285714285,-73.31142857142858
2020-11-03,-71.47857142857143,-33.44857142857143,-65.56428571428572,-82.23428571428572,-71.24142857142857
2020-11-02,-70.68571428571428,-32.809999999999995,-63.41857142857143,-80.94571428571429,-70.32000000000001
2020-11-01,-69.72571428571429,-33.71142857142857,-63.11857142857143,-80.72571428571429,-70.35714285714286
2020-10-31,-66.72714285714287,-34.378571428571426,-62.702857142857134,-79.24428571428572,-69.76
2020-10-30,-62.68142857142857,-29.65142857142857,-61.222857142857144,-77.83571428571429,-67.36428571428571
2020-10-29,-60.78857142857142,-27.692857142857143,-61.29142857142857,-76.72571428571429,-66.58
2020-10-28,-65.23285714285714,-31.33285714285714,-64.43714285714286,-76.21285714285715,-66.86714285714285
2020-10-27,-67.26142857142858,-31.69142857142857,-65.17,-76.06857142857143,-67.70285714285714
2020-10-26,-67.23714285714286,-31.954285714285714,-65.88142857142857,-75.76142857142858,-67.44285714285715
2020-10-25,-66.53857142857143,-31.237142857142857,-66.31714285714285,-75.22285714285714,-67.14285714285714
2020-10-24,-66.71142857142857,-30.724285714285713,-67.03,-74.86857142857143,-64.95428571428572
2020-10-23,-67.40142857142857,-31.445714285714285,-67.25285714285714,-74.87857142857142,-65.05714285714285
2020-10-22,-66.07142857142857,-33.425714285714285,-67.21142857142857,-76.31428571428572,-66.42
2020-10-21,-67.11857142857143,-32.76571428571428,-67.12571428571428,-75.57285714285715,-66.29857142857142
2020-10-20,-66.48857142857143,-32.99285714285714,-66.91,-74.97714285714287,-66.38000000000001
2020-10-19,-65.31714285714285,-32.47428571428571,-66.23142857142857,-75.83714285714287,-67.37142857142858
2020-10-18,-65.47,-32.074285714285715,-66.49714285714286,-76.89714285714285,-67.87142857142858
2020-10-17,-63.80714285714286,-32.43142857142857,-66.83285714285714,-77.95142857142856,-70.71714285714286
2020-10-16,-62.94857142857143,-31.351428571428567,-67.55285714285715,-78.19571428571429,-71.34
2020-10-15,-61.332857142857144,-30.478571428571428,-68.39285714285714,-76.77714285714286,-70.31428571428572
2020-10-14,-60.9,-29.93857142857143,-68.46714285714286,-77.42,-70.71428571428571
2020-10-13,-60.215714285714284,-30.68142857142857,-68.26285714285714,-77.74000000000001,-70.31857142857143
2020-10-12,-59.43857142857143,-31.328571428571426,-68.13142857142857,-76.64857142857143,-69.94285714285715
2020-10-11,-58.38285714285714,-31.238571428571426,-67.09857142857143,-75.36285714285714,-68.8442857142857
2020-10-10,-58.89857142857143,-31.4,-67.21428571428571,-74.81714285714285,-67.37857142857142
2020-10-09,-59.652857142857144,-33.35,-67.66714285714286,-74.88285714285715,-67.55857142857143
2020-10-08,-61.06285714285714,-34.817142857142855,-67.82285714285715,-75.01428571428572,-68.53
2020-10-07,-61.94142857142857,-34.82142857142857,-67.89285714285714,-74.60285714285715,-68.80428571428571
2020-10-06,-62.43714285714286,-32.308571428571426,-68.3,-74.8442857142857,-69.45714285714286
2020-10-05,-63.94857142857143,-30.578571428571426,-68.91428571428573,-76.58714285714287,-70.03
2020-10-04,-64.64714285714285,-29.70285714285714,-68.82285714285715,-76.83857142857143,-69.80142857142857
2020-10-03,-63.614285714285714,-29.445714285714285,-68.50285714285714,-77.12714285714286,-69.13285714285715
2020-10-02,-62.93,-28.97714285714286,-68.47285714285714,-77.79142857142857,-68.82857142857144
2020-10-01,-61.60142857142857,-27.46,-68.25857142857143,-78.17428571428572,-68.40285714285714
2020-09-30,-60.57,-28.494285714285713,-68.31714285714285,-78.85857142857142,-67.78
2020-09-29,-60.91285714285714,-31.47142857142857,-68.33285714285714,-79.07428571428571,-67.58857142857143
2020-09-28,-60.67714285714286,-37.449999999999996,-67.94428571428571,-78.21714285714286,-67.44857142857143
2020-09-27,-60.644285714285715,-41.57285714285714,-68.70285714285714,-78.77857142857144,-68.64142857142858
2020-09-26,-60.49857142857143,-43.58714285714286,-69.04714285714286,-79.27714285714286,-69.41714285714286
2020-09-25,-61.03285714285715,-43.61571428571428,-69.61,-79.74,-70.01142857142857
2020-09-24,-63.558571428571426,-43.315714285714286,-70.0942857142857,-80.17285714285715,-70.47571428571429
2020-09-23,-64.02142857142857,-29.67571428571429,-70.17857142857143,-80.34857142857143,-71.86285714285715
2020-09-22,-63.089999999999996,-26.451428571428572,-69.89,-80.64714285714285,-72.52857142857142
2020-09-21,-62.51857142857143,-21.12142857142857,-70.66428571428571,-80.77142857142857,-72.43285714285715
2020-09-20,-62.85285714285715,-19.178571428571427,-71.16857142857143,-80.60428571428572,-72.60857142857142
2020-09-19,-63.32285714285714,-18.390000000000004,-71.90142857142857,-80.71428571428571,-72.70142857142858
2020-09-18,-65.55571428571429,-19.56857142857143,-72.37714285714286,-80.52714285714286,-73.06714285714285
2020-09-17,-65.69857142857143,-21.76571428571429,-73.01571428571428,-80.46857142857142,-73.23428571428572
2020-09-16,-67.19857142857143,-36.40857142857143,-73.84571428571428,-81.81142857142858,-73.69000000000001
2020-09-15,-69.89428571428572,-39.37428571428571,-74.53,-82.28428571428572,-74.51
2020-09-14,-72.41,-41.79714285714285,-74.41571428571429,-82.7242857142857,-75.09857142857143
2020-09-13,-67.3,-38.17857142857143,-72.85714285714286,-81.54714285714286,-71.02
2020-09-12,-63.361428571428576,-36.12285714285714,-72.79571428571428,-80.81142857142856,-67.78999999999999
2020-09-11,-60.535714285714285,-35.184285714285714,-72.53285714285714,-81.48,-66.66428571428571
2020-09-10,-58.73285714285714,-33.92,-71.79285714285714,-81.57142857142857,-65.82142857142857
2020-09-09,-56.167142857142856,-31.754285714285714,-70.73571428571428,-80.99857142857142,-65.08857142857143
2020-09-08,-52.91857142857143,-29.237142857142857,-69.98571428571428,-80.89,-63.68142857142857
2020-09-07,-50.46714285714285,-22.72714285714286,-68.72714285714285,-79.86571428571428,-61.67857142857143
2020-09-06,-55.60285714285715,-27.298571428571428,-70.76857142857143,-80.90857142857143,-66.65714285714286
2020-09-05,-61.887142857142855,-31.931428571428572,-71.43428571428572,-81.68714285714285,-70.13142857142857
2020-09-04,-63.65857142857143,-33.83714285714286,-71.56142857142858,-81.94428571428571,-70.88571428571429
2020-09-03,-64.95428571428572,-36.85857142857143,-71.87857142857142,-82.08714285714287,-71.30857142857143
2020-09-02,-65.84714285714286,-40.86571428571428,-72.92714285714285,-82.43571428571428,-68.65
2020-09-01,-67.52857142857142,-47.541428571428575,-74.09142857142857,-82.05857142857143,-67.39714285714285
2020-08-31,-67.89571428571428,-54.68857142857143,-75.34285714285714,-82.91285714285713,-67.98
2020-08-30,-66.70857142857143,-54.93714285714286,-75.27428571428571,-83.33,-65.88714285714285
2020-08-29,-65.20285714285714,-54.40714285714286,-75.1842857142857,-83.51571428571428,-65.61714285714285
2020-08-28,-64.70714285714286,-56.31857142857143,-75.90714285714286,-82.91428571428571,-65.92857142857143
2020-08-27,-65.06142857142858,-56.494285714285716,-76.7042857142857,-82.67714285714285,-65.58
2020-08-26,-65.45142857142858,-55.651428571428575,-77.55857142857143,-81.90714285714286,-67.28428571428572
2020-08-25,-65.22142857142858,-52.18,-78.11571428571428,-82.69142857142856,-68.5942857142857
2020-08-24,-64.94571428571429,-51.35285714285715,-79.17857142857143,-82.47714285714285,-68.9042857142857
2020-08-23,-65.5942857142857,-51.355714285714285,-79.49714285714286,-82.58142857142856,-69.59285714285714
2020-08-22,-65.32142857142857,-51.38857142857143,-79.83428571428571,-83.87714285714286,-71.30714285714285
2020-08-21,-67.08,-51.5,-80.15714285714286,-84.24571428571429,-72.57428571428571
2020-08-20,-67.45428571428572,-51.85285714285715,-80.55428571428571,-85.01285714285714,-74.42714285714285
2020-08-19,-67.80428571428571,-51.71,-80.50857142857141,-86.03142857142858,-76.24142857142859
2020-08-18,-68.21000000000001,-51.84571428571429,-80.56285714285714,-86.58857142857143,-77.56285714285715
2020-08-17,-69.11142857142858,-51.73571428571428,-80.38857142857144,-87.22,-78.89428571428572
2020-08-16,-71.53285714285714,-51.378571428571426,-80.56285714285714,-87.56142857142858,-80.0957142857143
2020-08-15,-71.50857142857143,-52.32285714285714,-80.87571428571428,-86.76,-79.53571428571429
2020-08-14,-70.06714285714285,-52.74,-81.18857142857142,-86.91714285714285,-79.2957142857143
2020-08-13,-69.95142857142858,-53.27428571428572,-81.67999999999999,-87.74857142857142,-79.03571428571429
2020-08-12,-69.94714285714285,-53.66142857142857,-82.03571428571429,-87.47285714285714,-78.63
2020-08-11,-70.36142857142856,-54.17,-82.28714285714285,-87.15142857142857,-77.57142857142857
2020-08-10,-70.1542857142857,-55.144285714285715,-82.73142857142857,-88.32857142857142,-77.46142857142857
2020-08-09,-68.80142857142857,-55.95428571428572,-82.90285714285713,-88.63,-77.91714285714285
2020-08-08,-70.87857142857142,-56.348571428571425,-83.15714285714286,-89.26571428571428,-78.34
2020-08-07,-71.77714285714286,-56.59285714285714,-83.57000000000001,-89.77428571428571,-78.75857142857141
2020-08-06,-71.90857142857143,-57.02571428571429,-83.7942857142857,-89.60571428571428,-79.57714285714285
2020-08-05,-71.8442857142857,-57.21857142857142,-84.10571428571428,-89.99857142857142,-79.66857142857144
2020-08-04,-71.96714285714286,-58.041428571428575,-84.51285714285714,-90.29714285714286,-80.36142857142856
2020-08-03,-71.87285714285714,-58.38714285714286,-84.76142857142857,-89.58714285714287,-80.47857142857143
2020-08-02,-71.02571428571429,-58.76428571428572,-84.93571428571428,-89.78999999999999,-80.01857142857143
2020-08-01,-70.21142857142857,-60.151428571428575,-85.30285714285715,-89.92,-80.20714285714287
2020-07-31,-69.91857142857143,-62.167142857142856,-85.49571428571429,-90.10428571428572,-80.62571428571428
2020-07-30,-69.97285714285714,-63.07571428571429,-85.82714285714285,-90.38571428571429,-80.49428571428572
2020-07-29,-69.92142857142856,-63.96857142857143,-86.12428571428572,-90.73142857142857,-80.81285714285715
2020-07-28,-69.62857142857142,-64.61142857142858,-86.58428571428571,-91.45,-81.71285714285715
2020-07-27,-70.31428571428572,-65.39714285714287,-86.79857142857144,-91.45142857142856,-81.90285714285713
2020-07-26,-70.20142857142856,-66.62571428571428,-86.99142857142859,-91.57000000000001,-82.29142857142857
2020-07-25,-70.78571428571429,-66.93571428571428,-87.16285714285713,-91.65428571428572,-82.66285714285713
2020-07-24,-71.03571428571429,-66.38857142857144,-87.42142857142858,-91.86571428571428,-82.67571428571429
2020-07-23,-70.98142857142857,-67.15714285714286,-87.68714285714285,-91.80857142857143,-82.82428571428571
2020-07-22,-70.65142857142857,-67.99714285714286,-87.92285714285715,-91.38857142857144,-82.7
2020-07-21,-71.77285714285713,-67.96714285714286,-87.92571428571429,-90.84,-82.01
2020-07-20,-70.87142857142857,-68.00714285714285,-88.18142857142857,-90.85000000000001,-82.00142857142858
2020-07-19,-71.02857142857142,-67.34714285714286,-88.21571428571428,-90.81285714285715,-82.07142857142857
2020-07-18,-70.25,-67.64857142857143,-88.31428571428572,-90.74142857142859,-82.19142857142857
2020-07-17,-70.1842857142857,-68.06428571428572,-88.62571428571428,-91.33000000000001,-82.34571428571428
2020-07-16,-70.77428571428571,-67.86857142857143,-88.60285714285715,-92.50857142857144,-82.69714285714285
2020-07-15,-71.92428571428572,-67.87,-88.53999999999999,-92.69000000000001,-82.49
2020-07-14,-70.94571428571429,-68.25142857142858,-88.33857142857143,-93.15142857142857,-82.46857142857142
2020-07-13,-71.49142857142857,-68.88571428571429,-88.15714285714286,-93.45714285714287,-82.7
2020-07-12,-70.80571428571429,-68.97285714285714,-88.00285714285714,-93.86857142857143,-82.44857142857143
2020-07-11,-70.58857142857143,-69.74857142857142,-88.07142857142857,-94.35000000000001,-82.2757142857143
2020-07-10,-72.31857142857143,-72.08714285714287,-88.65857142857143,-94.38285714285713,-82.6842857142857
2020-07-09,-71.38428571428571,-71.42999999999999,-88.70142857142858,-93.74571428571429,-82.02428571428571
2020-07-08,-69.40142857142857,-69.54285714285714,-87.98714285714287,-93.39571428571428,-81.92857142857143
2020-07-07,-68.64714285714285,-69.45571428571428,-87.9157142857143,-93.28285714285714,-81.88285714285713
2020-07-06,-67.60571428571428,-69.12142857142858,-87.60857142857142,-93.30857142857143,-81.31428571428572
2020-07-05,-69.08,-69.81714285714285,-87.32714285714285,-93.16142857142857,-81.41142857142857
2020-07-04,-68.44,-69.85,-86.45142857142856,-93.44571428571429,-81.73857142857142
2020-07-03,-67.14714285714287,-67.93285714285715,-84.73857142857143,-93.82571428571428,-81.62857142857142
2020-07-02,-69.62428571428572,-69.22857142857143,-84.00857142857144,-93.7957142857143,-81.93857142857142
2020-07-01,-71.57714285714286,-71.41857142857143,-84.26857142857143,-94.56857142857143,-82.46571428571428
2020-06-30,-72.96142857142857,-71.35,-83.85285714285715,-94.80857142857143,-82.60857142857142
2020-06-29,-74.7,-70.85714285714286,-83.82571428571428,-95.11,-83.51428571428572
2020-06-28,-75.75714285714285,-70.43285714285715,-84.01428571428572,-95.43285714285715,-84.08714285714287
2020-06-27,-76.83285714285715,-62.58571428571429,-83.24571428571429,-96.17285714285715,-84.92857142857143
2020-06-26,-79.23857142857142,-59.550000000000004,-83.74,-96.85714285714286,-86.75714285714285
2020-06-25,-79.07142857142857,-56.892857142857146,-83.99571428571429,-97.71285714285715,-88.44714285714285
2020-06-24,-79.47714285714287,-54.61714285714286,-84.17999999999999,-98.32857142857142,-89.14714285714285
2020-06-23,-79.11714285714285,-52.75285714285714,-84.44142857142857,-98.84714285714286,-90.64
2020-06-22,-79.10142857142857,-51.65428571428571,-84.63571428571429,-99.29571428571428,-90.79142857142857
2020-06-21,-78.32714285714285,-49.83714285714286,-85.01142857142858,-99.61,-90.89285714285714
2020-06-20,-80.55714285714285,-57.75142857142857,-87.2042857142857,-99.58285714285715,-91.7242857142857
2020-06-19,-80.24285714285715,-58.31285714285714,-87.89142857142858,-99.57714285714285,-91.22714285714287
2020-06-18,-80.92999999999999,-58.04285714285714,-88.60428571428572,-99.56285714285715,-90.71714285714286
2020-06-17,-81.45142857142856,-57.50285714285714,-89.34142857142857,-99.55285714285715,-90.67
2020-06-16,-83.16428571428571,-56.779999999999994,-90.39285714285714,-99.49000000000001,-90.33
2020-06-15,-85.14285714285714,-56.25857142857143,-91.47714285714287,-99.45857142857143,-90.31142857142856
2020-06-14,-85.90285714285714,-56.35,-92.32857142857142,-99.47571428571429,-90.28857142857143
2020-06-13,-86.53428571428572,-52.98142857142857,-92.87857142857142,-99.45428571428572,-90.13
2020-06-12,-88.14571428571428,-52.65714285714286,-93.87142857142858,-99.44000000000001,-90.75571428571428
2020-06-11,-89.49,-52.79571428571428,-94.87714285714286,-99.44000000000001,-91.74571428571429
2020-06-10,-91.2057142857143,-53.34571428571429,-95.70285714285716,-99.45857142857143,-92.4342857142857
2020-06-09,-92.15142857142857,-53.31857142857143,-96.57142857142857,-99.48428571428572,-92.93857142857142
2020-06-08,-92.72857142857143,-54.712857142857146,-97.12428571428572,-99.46571428571428,-93.82714285714285
2020-06-07,-94.21000000000001,-55.34285714285714,-97.67285714285715,-99.39999999999999,-94.69000000000001
2020-06-06,-96.11,-56.91285714285714,-98.36714285714287,-99.41285714285713,-95.28714285714285
2020-06-05,-97.32285714285715,-58.16285714285714,-98.89,-99.37428571428572,-95.55285714285715
2020-06-04,-98.33571428571429,-58.637142857142855,-99.31857142857143,-99.32428571428571,-95.52142857142857
2020-06-03,-99.14285714285714,-59.058571428571426,-99.73857142857143,-99.25,-95.85142857142857
2020-06-02,-99.76571428571428,-60.755714285714284,-99.78857142857143,-99.15857142857143,-95.89714285714285
2020-06-01,-99.7942857142857,-60.48285714285714,-99.87285714285714,-99.14857142857143,-96.05714285714285
2020-05-31,-99.87571428571428,-59.33571428571429,-99.88285714285715,-99.19857142857143,-96.26857142857143
2020-05-30,-99.98428571428572,-61.06142857142857,-99.94142857142857,-99.22714285714287,-97.15142857142857
2020-05-29,-99.99,-62.28142857142858,-99.98714285714286,-99.26714285714286,-98.04285714285713
2020-05-28,-99.98428571428572,-63.94,-99.99000000000001,-99.30142857142857,-98.52142857142857
2020-05-27,-99.99,-65.44571428571429,-99.97571428571429,-99.35000000000001,-98.31857142857143
2020-05-26,-99.99,-66.69,-99.97571428571429,-99.34142857142857,-98.4057142857143
2020-05-25,-99.98571428571428,-68.31285714285714,-99.97571428571429,-99.35714285714286,-98.05142857142857
2020-05-24,-99.98571428571428,-71.72142857142858,-99.97571428571429,-99.28999999999999,-97.94000000000001
2020-05-23,-99.98571428571428,-72.01571428571428,-99.97571428571429,-99.32428571428571,-97.79142857142857
2020-05-22,-99.98428571428572,-72.91,-99.9557142857143,-99.39,-97.52714285714286
2020-05-21,-99.97428571428573,-74.58428571428571,-99.92428571428572,-99.4542857142857,-97.74
2020-05-20,-99.96857142857142,-75.80285714285715,-99.93857142857144,-99.57714285714285,-98.18714285714285
2020-05-19,-99.95142857142856,-76.83,-99.91285714285713,-99.77285714285713,-98.51285714285714
2020-05-18,-99.94428571428571,-77.23285714285714,-99.91285714285713,-99.86428571428571,-98.97857142857143
2020-05-17,-99.92714285714285,-77.45428571428572,-99.91285714285713,-99.97714285714287,-99.27428571428571
2020-05-16,-99.92714285714285,-79.09857142857143,-99.91285714285713,-99.98285714285714,-99.60142857142857
2020-05-15,-99.92999999999999,-80.77,-99.94285714285715,-99.98857142857142,-99.99285714285715
2020-05-14,-99.94857142857143,-81.47571428571429,-99.9742857142857,-99.99428571428572,-99.99714285714286
2020-05-13,-99.9542857142857,-82.43285714285715,-99.9742857142857,-99.99714285714286,-100
2020-05-12,-99.97142857142856,-83.81142857142858,-100,-99.99714285714286,-100
2020-05-11,-99.98285714285714,-84.94285714285715,-100,-99.99714285714286,-100
2020-05-10,-100,-86.46000000000001,-100,-100,-100
2020-05-09,-100,-87.44428571428571,-100,-100,-100
2020-05-08,-100,-88.14571428571428,-100,-100,-100
2020-05-07,-100,-88.71857142857142,-100,-100,-100
2020-05-06,-100,-90.50714285714285,-100,-100,-100
2020-05-05,-100,-91.77142857142857,-100,-100,-100
2020-05-04,-100,-93.23857142857142,-100,-100,-100
2020-05-03,-100,-94.31857142857143,-100,-100,-100
2020-05-02,-100,-95.81142857142858,-100,-100,-100
2020-05-01,-100,-97.61714285714287,-100,-100,-100
2020-04-30,-100,-99.75285714285714,-100,-100,-100
2020-04-29,-100,-99.84,-100,-100,-100
2020-04-28,-100,-99.84,-100,-100,-100
2020-04-27,-100,-99.91,-100,-100,-100
2020-04-26,-100,-99.97,-100,-100,-100
2020-04-25,-100,-99.97,-100,-100,-100
2020-04-24,-100,-100,-100,-100,-100
2020-04-23,-100,-100,-100,-100,-100
2020-04-22,-100,-100,-100,-100,-100
2020-04-21,-100,-100,-100,-100,-100
2020-04-20,-100,-100,-100,-100,-100
2020-04-19,-100,-100,-100,-100,-100
2020-04-18,-100,-100,-100,-100,-100
2020-04-17,-100,-100,-100,-100,-100
2020-04-16,-100,-100,-100,-100,-100
2020-04-15,-100,-100,-100,-100,-100
2020-04-14,-100,-100,-100,-100,-100
2020-04-13,-100,-99.96714285714286,-100,-100,-100
2020-04-12,-100,-99.96714285714286,-100,-100,-100
2020-04-11,-100,-99.96714285714286,-100,-100,-100
2020-04-10,-100,-99.96714285714286,-100,-100,-100
2020-04-09,-100,-99.96714285714286,-100,-100,-100
2020-04-08,-100,-99.94571428571429,-100,-100,-100
2020-04-07,-100,-99.92285714285715,-100,-100,-100
2020-04-06,-100,-99.9557142857143,-100,-100,-100
2020-04-05,-100,-99.9557142857143,-100,-100,-100
2020-04-04,-100,-99.9557142857143,-100,-100,-100
2020-04-03,-100,-99.9557142857143,-100,-100,-100
2020-04-02,-100,-99.9557142857143,-100,-100,-100
2020-04-01,-100,-99.97714285714287,-100,-100,-100
2020-03-31,-100,-100,-100,-100,-100
2020-03-30,-100,-100,-100,-100,-100
2020-03-29,-99.99714285714286,-100,-100,-100,-100
2020-03-28,-99.99714285714286,-100,-100,-100,-100
2020-03-27,-99.99571428571429,-100,-100,-100,-100
2020-03-26,-99.99571428571429,-99.98714285714286,-100,-100,-100
2020-03-25,-99.99285714285715,-99.98714285714286,-100,-100,-100
2020-03-24,-99.99285714285715,-99.98714285714286,-100,-100,-100
2020-03-23,-99.99285714285715,-99.98714285714286,-100,-100,-100
2020-03-22,-96.42428571428572,-94.41571428571429,-97.42857142857143,-96.71428571428571,-96.57142857142857
2020-03-21,-89.71000000000001,-85.8442857142857,-91.28571428571429,-92.28571428571429,-90.14285714285714
2020-03-20,-82.42571428571429,-76.41571428571429,-83.71428571428571,-87.14285714285714,-82.14285714285714
2020-03-19,-73.42571428571429,-66.85714285714286,-76.28571428571429,-81.57142857142857,-74.14285714285714
2020-03-18,-63.57142857142857,-56,-67.42857142857143,-74.71428571428571,-65.28571428571429
2020-03-17,-53.142857142857146,-42.857142857142854,-56.857142857142854,-65.57142857142857,-54.142857142857146
2020-03-16,-42.142857142857146,-31,-45.857142857142854,-55.57142857142857,-42.42857142857143
2020-03-15,-35,-24.285714285714285,-38,-47.142857142857146,-32.857142857142854
2020-03-14,-25.571428571428573,-17.571428571428573,-32,-37.857142857142854,-25
2020-03-13,-18,-11.285714285714286,-25.571428571428573,-30.142857142857142,-18.571428571428573
2020-03-12,-13.857142857142858,-5.714285714285714,-18.571428571428573,-23.571428571428573,-13
2020-03-11,-11,-1.2857142857142858,-13.857142857142858,-17.428571428571427,-8.142857142857142
2020-03-10,-8.571428571428571,-1.2857142857142858,-9.142857142857142,-14,-3.857142857142857
2020-03-09,-7.571428571428571,0,-5.285714285714286,-11.428571428571429,-2.4285714285714284
2020-03-08,-7,2.2857142857142856,-1.5714285714285714,-9.714285714285714,-1.1428571428571428
2020-03-07,-8.714285714285714,1.5714285714285714,0.14285714285714285,-9.428571428571429,-0.2857142857142857
2020-03-06,-9.714285714285714,-0.7142857142857143,2.2857142857142856,-8.285714285714286,-0.14285714285714285
2020-03-05,-9.714285714285714,-2.4285714285714284,3.2857142857142856,-6,1.1428571428571428
2020-03-04,-9.285714285714286,-3.2857142857142856,4,-5,2
2020-03-03,-10,-0.8571428571428571,3.7142857142857144,-3.142857142857143,2.142857142857143
2020-03-02,-10,1.2857142857142858,5.285714285714286,-1.2857142857142858,4.571428571428571
2020-03-01,-7.857142857142857,1.5714285714285714,7.142857142857143,0.5714285714285714,6.428571428571429
2020-02-29,-6.428571428571429,-0.14285714285714285,11.714285714285714,2.7142857142857144,7.857142857142857
2020-02-28,-5,0.8571428571428571,11,3.4285714285714284,8.857142857142858
2020-02-27,-4.428571428571429,2.142857142857143,10,3.2857142857142856,8.285714285714286
2020-02-26,-4,1.5714285714285714,11.285714285714286,4,9.285714285714286
2020-02-25,-2.2857142857142856,-0.8571428571428571,11.428571428571429,5.428571428571429,16.142857142857142
2020-02-24,-1,-2.142857142857143,10.285714285714286,5.428571428571429,14.142857142857142
2020-02-23,NA,NA,NA,NA,NA
2020-02-22,NA,NA,NA,NA,NA
2020-02-21,NA,NA,NA,NA,NA
2020-02-20,NA,NA,NA,NA,NA
2020-02-19,NA,NA,NA,NA,NA
2020-02-18,NA,NA,NA,NA,NA
