Day of Week,date,subways_of_comparable_pre,7-day Average,Subway Mobility Index Original,Subway Mobility Index,Avg. Ridership,subways_total_estimated
1,2022-10-01,-0.39,-0.3802857142857143,61.97142857142857,61.97142857142857,2965273.714285714,2034788
2,2022-09-30,-0.41500000000000004,-0.3647142857142857,63.528571428571425,63.528571428571425,3016002.8571428573,3509765
3,2022-09-29,-0.383,-0.3614285714285715,63.857142857142854,63.857142857142854,3033691.8571428573,3715441
4,2022-09-28,-0.374,-0.36114285714285715,63.88571428571428,63.88571428571428,3036700.285714286,3719852
5,2022-09-27,-0.382,-0.35814285714285715,64.18571428571428,64.18571428571428,3059909.8571428573,3207244
6,2022-09-26,-0.40900000000000003,-0.356,64.4,64.4,3141050.5714285714,2815223
7,2022-09-25,-0.30900000000000005,-0.35557142857142854,64.44285714285715,64.44285714285715,3221346.285714286,1754603
1,2022-09-24,-0.281,-0.3512857142857143,64.87142857142857,64.87142857142857,3234445.714285714,2389892
2,2022-09-23,-0.392,-0.3467142857142857,65.32857142857142,65.32857142857142,3229267.5714285714,3633588
3,2022-09-22,-0.381,-0.3484285714285714,65.15714285714286,65.15714285714286,3211503.8571428573,3736500
4,2022-09-21,-0.353,-0.3467142857142857,65.32857142857142,65.32857142857142,3214219,3882319
5,2022-09-20,-0.367,-0.34900000000000003,65.10000000000001,65.10000000000001,3195280.285714286,3775229
6,2022-09-19,-0.406,-0.3517142857142857,64.82857142857144,64.82857142857144,3173950.8571428573,3377293
7,2022-09-18,-0.279,-0.3512857142857143,64.87142857142857,64.87142857142857,3175625.1428571427,1846299
1,2022-09-17,-0.249,-0.35557142857142854,64.44285714285715,64.44285714285715,3160229,2353645
2,2022-09-16,-0.404,-0.35814285714285715,64.18571428571428,64.18571428571428,3160967.285714286,3509242
3,2022-09-15,-0.369,-0.355,64.5,64.5,3157959.5714285714,3755506
4,2022-09-14,-0.369,-0.3545714285714286,64.54285714285714,64.54285714285714,3143114.714285714,3749748
5,2022-09-13,-0.386,-0.3551428571428571,64.4857142857143,64.4857142857143,3100472.714285714,3625923
6,2022-09-12,-0.403,-0.3602857142857143,63.97142857142857,63.97142857142857,3020986.4285714286,3389013
7,2022-09-11,-0.30900000000000005,-0.33714285714285713,66.28571428571428,66.28571428571428,2778822.285714286,1738526
1,2022-09-10,-0.267,-0.3325714285714286,66.74285714285715,66.74285714285715,2788210.4285714286,2358813
2,2022-09-09,-0.382,-0.33342857142857146,66.65714285714286,66.65714285714286,2753989.4285714286,3488188
3,2022-09-08,-0.366,-0.3364285714285714,66.35714285714286,66.35714285714286,2674335.8571428573,3651592
4,2022-09-07,-0.373,-0.34242857142857147,65.75714285714285,65.75714285714285,2598516.4285714286,3451254
5,2022-09-06,-0.42200000000000004,-0.3454285714285715,65.45714285714286,65.45714285714286,2555521.285714286,3069519
6,2022-09-05,-0.241,-0.34314285714285714,65.68571428571428,65.68571428571428,2559604.4285714286,1693864
7,2022-09-04,-0.277,-0.3682857142857143,63.171428571428564,63.171428571428564,2723635.1428571427,1804243
1,2022-09-03,-0.273,-0.37,63,63,2702101.1428571427,2119266
2,2022-09-02,-0.403,-0.372,62.8,62.8,2694885.4285714286,2930613
3,2022-09-01,-0.40800000000000003,-0.3732857142857143,62.67142857142858,62.67142857142858,2686029.5714285714,3120856
4,2022-08-31,-0.394,-0.37400000000000005,62.59999999999999,62.59999999999999,2682624.8571428573,3150288
5,2022-08-30,-0.406,-0.3774285714285715,62.25714285714285,62.25714285714285,2664976,3098101
6,2022-08-29,-0.41700000000000004,-0.38014285714285717,61.98571428571429,61.98571428571429,2650749.8571428573,2842079
7,2022-08-28,-0.28900000000000003,-0.38642857142857145,61.357142857142854,61.357142857142854,2620177.1428571427,1653505
1,2022-08-27,-0.28700000000000003,-0.3885714285714286,61.142857142857146,61.142857142857146,2615489.8571428573,2068756
2,2022-08-26,-0.41200000000000003,-0.39,61,61,2611427.714285714,2868622
3,2022-08-25,-0.41300000000000003,-0.38842857142857146,61.15714285714285,61.15714285714285,2619320.1428571427,3097023
4,2022-08-24,-0.41800000000000004,-0.386,61.4,61.4,2617425.714285714,3026746
5,2022-08-23,-0.42500000000000004,-0.38242857142857145,61.75714285714285,61.75714285714285,2625048.714285714,2998518
6,2022-08-22,-0.46099999999999997,-0.37928571428571434,62.07142857142857,62.07142857142857,2632706.1428571427,2628070
7,2022-08-21,-0.30400000000000005,-0.37414285714285717,62.58571428571429,62.58571428571429,2653516.4285714286,1620694
1,2022-08-20,-0.29700000000000004,-0.36814285714285716,63.18571428571429,63.18571428571429,2661866.1428571427,2040321
2,2022-08-19,-0.401,-0.36428571428571427,63.57142857142857,63.57142857142857,2669084.4285714286,2923869
3,2022-08-18,-0.396,-0.36528571428571427,63.471428571428575,63.471428571428575,2675579.5714285714,3083762
4,2022-08-17,-0.393,-0.36842857142857144,63.15714285714286,63.15714285714286,2677812.1428571427,3080107
5,2022-08-16,-0.403,-0.3697142857142857,63.02857142857143,63.02857142857143,2686447,3052120
6,2022-08-15,-0.42500000000000004,-0.3711428571428571,62.885714285714286,62.885714285714286,2681818.285714286,2773742
7,2022-08-14,-0.262,-0.3762857142857143,62.37142857142857,62.37142857142857,2672844.285714286,1679142
1,2022-08-13,-0.27,-0.39271428571428574,60.72857142857142,60.72857142857142,2653318.8571428573,2090849
2,2022-08-12,-0.40800000000000003,-0.4025714285714286,59.74285714285714,59.74285714285714,2640285.1428571427,2969335
3,2022-08-11,-0.41800000000000004,-0.40914285714285714,59.08571428571429,59.08571428571429,2619938.5714285714,3099390
4,2022-08-10,-0.402,-0.412,58.80000000000001,58.80000000000001,2613523.5714285714,3140551
5,2022-08-09,-0.41300000000000003,-0.41242857142857137,58.75714285714287,58.75714285714287,2612046,3019719
6,2022-08-08,-0.46099999999999997,-0.41414285714285715,58.58571428571429,58.58571428571429,2620165.1428571427,2710924
7,2022-08-07,-0.377,-0.415,58.5,58.5,2625023.8571428573,1542464
1,2022-08-06,-0.33899999999999997,-0.40771428571428564,59.22857142857143,59.22857142857143,2640257.5714285714,1999613
2,2022-08-05,-0.45399999999999996,-0.4035714285714285,59.64285714285715,59.64285714285715,2650952.4285714286,2826909
3,2022-08-04,-0.43799999999999994,-0.40114285714285713,59.885714285714286,59.885714285714286,2666876.5714285714,3054485
4,2022-08-03,-0.405,-0.399,60.099999999999994,60.099999999999994,2681712.1428571427,3130208
5,2022-08-02,-0.42500000000000004,-0.3977142857142857,60.22857142857143,60.22857142857143,2697320,3076553
6,2022-08-01,-0.46699999999999997,-0.39571428571428574,60.42857142857143,60.42857142857143,2712309.5714285714,2744935
7,2022-07-31,-0.32599999999999996,-0.396,60.4,60.4,2710663.714285714,1649100
1,2022-07-30,-0.31000000000000005,-0.3987142857142857,60.12857142857143,60.12857142857143,2703106.714285714,2074477
2,2022-07-29,-0.43700000000000006,-0.40228571428571425,59.77142857142857,59.77142857142857,2696571.1428571427,2938378
3,2022-07-28,-0.42300000000000004,-0.4035714285714285,59.64285714285715,59.64285714285715,2697956.285714286,3158334
4,2022-07-27,-0.396,-0.40599999999999997,59.400000000000006,59.400000000000006,2691803.285714286,3239463
5,2022-07-26,-0.41100000000000003,-0.4107142857142857,58.92857142857143,58.92857142857143,2685752.714285714,3181480
6,2022-07-25,-0.469,-0.4089999999999999,59.10000000000001,59.10000000000001,2684914,2733414
7,2022-07-24,-0.345,-0.4078571428571428,59.21428571428572,59.21428571428572,2683791.285714286,1596201
1,2022-07-23,-0.33499999999999996,-0.39171428571428574,60.82857142857143,60.82857142857143,2695038.1428571427,2028728
2,2022-07-22,-0.44599999999999995,-0.37371428571428567,62.62857142857143,62.62857142857143,2704258.4285714286,2948074
3,2022-07-21,-0.43999999999999995,-0.36985714285714283,63.01428571428571,63.01428571428571,2715559,3115263
4,2022-07-20,-0.42900000000000005,-0.36528571428571427,63.471428571428575,63.471428571428575,2729023.8571428573,3197109
5,2022-07-19,-0.399,-0.36257142857142854,63.74285714285715,63.74285714285715,2734568.714285714,3175609
6,2022-07-18,-0.46099999999999997,-0.3671428571428571,63.28571428571429,63.28571428571429,2731638.8571428573,2725555
7,2022-07-17,-0.23199999999999998,-0.36642857142857144,63.357142857142854,63.357142857142854,2754095.285714286,1674929
1,2022-07-16,-0.20899999999999996,-0.3774285714285714,62.25714285714285,62.25714285714285,2755256.4285714286,2093270
2,2022-07-15,-0.41900000000000004,-0.3931428571428571,60.68571428571429,60.68571428571429,2751072.4285714286,3027178
3,2022-07-14,-0.40800000000000003,-0.39914285714285713,60.08571428571429,60.08571428571429,2734039.4285714286,3209517
4,2022-07-13,-0.41000000000000003,-0.4025714285714286,59.74285714285714,59.74285714285714,2721546.5714285714,3235923
5,2022-07-12,-0.43100000000000005,-0.4081428571428571,59.18571428571428,59.18571428571428,2698259,3155100
6,2022-07-11,-0.45599999999999996,-0.416,58.400000000000006,58.400000000000006,2648780.285714286,2882750
7,2022-07-10,-0.30900000000000005,-0.40914285714285714,59.08571428571429,59.08571428571429,2466992,1683057
1,2022-07-09,-0.31899999999999995,-0.42957142857142855,57.04285714285715,57.04285714285715,2463224.285714286,2063982
2,2022-07-08,-0.46099999999999997,-0.44399999999999995,55.60000000000001,55.60000000000001,2432531.8571428573,2907947
3,2022-07-07,-0.43200000000000005,-0.447,55.3,55.3,2421802.285714286,3122067
4,2022-07-06,-0.44899999999999995,-0.4484285714285714,55.15714285714286,55.15714285714286,2426932.5714285714,3072910
5,2022-07-05,-0.486,-0.44699999999999995,55.300000000000004,55.300000000000004,2453095.8571428573,2808749
6,2022-07-04,-0.40800000000000003,-0.4362857142857143,56.371428571428574,56.371428571428574,2516880.4285714286,1610232
7,2022-07-03,-0.45199999999999996,-0.4434285714285714,55.65714285714286,55.65714285714286,2706684.1428571427,1656683
1,2022-07-02,-0.42000000000000004,-0.4121428571428571,58.785714285714285,58.785714285714285,2757528.714285714,1849135
2,2022-07-01,-0.482,-0.39585714285714285,60.41428571428571,60.41428571428571,2820082.714285714,2832840
3,2022-06-30,-0.44199999999999995,-0.38499999999999995,61.5,61.5,2887173.8571428573,3157979
4,2022-06-29,-0.43899999999999995,-0.3791428571428571,62.08571428571429,62.08571428571429,2923777,3256053
5,2022-06-28,-0.41100000000000003,-0.37542857142857144,62.457142857142856,62.457142857142856,2939201.285714286,3255241
6,2022-06-27,-0.45799999999999996,-0.37442857142857144,62.55714285714286,62.55714285714286,2952306.285714286,2938858
7,2022-06-26,-0.23299999999999998,-0.3868571428571429,61.31428571428571,61.31428571428571,2884564.8571428573,2012595
1,2022-06-25,-0.30600000000000005,-0.40242857142857147,59.75714285714285,59.75714285714285,2843860.5714285714,2287013
2,2022-06-24,-0.406,-0.4067142857142857,59.32857142857143,59.32857142857143,2829894.1428571427,3302478
3,2022-06-23,-0.401,-0.408,59.20000000000001,59.20000000000001,2822885.1428571427,3414201
4,2022-06-22,-0.41300000000000003,-0.408,59.20000000000001,59.20000000000001,2823191.285714286,3364023
5,2022-06-21,-0.404,-0.40371428571428564,59.62857142857143,59.62857142857143,2847467.285714286,3346976
6,2022-06-20,-0.5449999999999999,-0.39971428571428574,60.02857142857143,60.02857142857143,2869627.5714285714,2464668
7,2022-06-19,-0.34199999999999997,-0.38157142857142856,61.84285714285714,61.84285714285714,2971144.8571428573,1727665
1,2022-06-18,-0.33599999999999997,-0.37285714285714283,62.71428571428572,62.71428571428572,2963737.8571428573,2189248
2,2022-06-17,-0.41500000000000004,-0.368,63.2,63.2,2970029,3253415
3,2022-06-16,-0.401,-0.3668571428571429,63.31428571428571,63.31428571428571,2988459.5714285714,3416344
4,2022-06-15,-0.383,-0.36985714285714283,63.01428571428571,63.01428571428571,2972351.4285714286,3533955
5,2022-06-14,-0.376,-0.37300000000000005,62.7,62.7,2967489.1428571427,3502098
6,2022-06-13,-0.41800000000000004,-0.37785714285714284,62.21428571428571,62.21428571428571,2952817,3175289
7,2022-06-12,-0.281,-0.37714285714285717,62.28571428571428,62.28571428571428,2941880.4285714286,1675816
1,2022-06-11,-0.30200000000000005,-0.3845714285714286,61.542857142857144,61.542857142857144,2949098.714285714,2233286
2,2022-06-10,-0.40700000000000003,-0.38899999999999996,61.1,61.1,2941467.5714285714,3382429
3,2022-06-09,-0.42200000000000004,-0.391,60.9,60.9,2928184.714285714,3303587
4,2022-06-08,-0.405,-0.3897142857142857,61.02857142857143,61.02857142857143,2936055.8571428573,3499919
5,2022-06-07,-0.41000000000000003,-0.39057142857142857,60.94285714285714,60.94285714285714,2920121.8571428573,3399393
6,2022-06-06,-0.41300000000000003,-0.3925714285714286,60.74285714285714,60.74285714285714,2889171.8571428573,3098733
7,2022-06-05,-0.33299999999999996,-0.3832857142857143,61.67142857142858,61.67142857142858,2688955.8571428573,1726344
1,2022-06-04,-0.33299999999999996,-0.37957142857142856,62.042857142857144,62.042857142857144,2693408.4285714286,2179868
2,2022-06-03,-0.42100000000000004,-0.39042857142857146,60.957142857142856,60.957142857142856,2649851,3289449
3,2022-06-02,-0.41300000000000003,-0.39785714285714285,60.21428571428571,60.21428571428571,2613767.8571428573,3358685
4,2022-06-01,-0.41100000000000003,-0.39842857142857147,60.15714285714285,60.15714285714285,2612185.4285714286,3388381
5,2022-05-31,-0.42400000000000004,-0.3964285714285714,60.35714285714286,60.35714285714286,2618615.5714285714,3182743
6,2022-05-30,-0.348,-0.38957142857142857,61.042857142857144,61.042857142857144,2647585,1697221
7,2022-05-29,-0.30700000000000005,-0.40299999999999997,59.699999999999996,59.699999999999996,2850569.285714286,1757512
1,2022-05-28,-0.40900000000000003,-0.40299999999999997,59.699999999999996,59.699999999999996,2851282,1874966
2,2022-05-27,-0.473,-0.3771428571428571,62.28571428571429,62.28571428571429,2915826.1428571427,3036867
3,2022-05-26,-0.41700000000000004,-0.366,63.4,63.4,2950267.1428571427,3347608
4,2022-05-25,-0.397,-0.36214285714285716,63.78571428571429,63.78571428571429,2968339.8571428573,3433392
5,2022-05-24,-0.376,-0.3607142857142857,63.92857142857142,63.92857142857142,2993915.5714285714,3385529
6,2022-05-23,-0.44199999999999995,-0.36214285714285716,63.78571428571429,63.78571428571429,3016451.4285714286,3118111
7,2022-05-22,-0.30700000000000005,-0.3608571428571428,63.914285714285725,63.914285714285725,3011869.714285714,1762501
1,2022-05-21,-0.22799999999999998,-0.3385714285714286,66.14285714285715,66.14285714285715,3011564.4285714286,2326775
2,2022-05-20,-0.395,-0.3535714285714286,64.64285714285714,64.64285714285714,2986184.4285714286,3277954
3,2022-05-19,-0.39,-0.3574285714285714,64.25714285714285,64.25714285714285,2983341.285714286,3474117
4,2022-05-18,-0.387,-0.3617142857142857,63.828571428571436,63.828571428571436,2978034.5714285714,3612422
5,2022-05-17,-0.386,-0.3657142857142857,63.42857142857143,63.42857142857143,2954479.5714285714,3543280
6,2022-05-16,-0.43300000000000005,-0.3687142857142857,63.12857142857142,63.12857142857142,2936879.285714286,3086039
7,2022-05-15,-0.15100000000000002,-0.3678571428571429,63.21428571428571,63.21428571428571,2941883.714285714,1760364
1,2022-05-14,-0.33299999999999996,-0.38,62,62,2916629.1428571427,2149115
2,2022-05-13,-0.42200000000000004,-0.3934285714285714,60.65714285714285,60.65714285714285,2873088.5714285714,3258052
3,2022-05-12,-0.42000000000000004,-0.395,60.5,60.5,2864264.714285714,3436970
4,2022-05-11,-0.41500000000000004,-0.39271428571428574,60.72857142857142,60.72857142857142,2874638,3447537
5,2022-05-10,-0.40700000000000003,-0.3941428571428572,60.58571428571429,60.58571428571429,2863796.8571428573,3420078
6,2022-05-09,-0.42700000000000005,-0.39514285714285713,60.48571428571429,60.48571428571429,2862397.4285714286,3121070
7,2022-05-08,-0.236,-0.40771428571428575,59.22857142857143,59.22857142857143,2807708.8571428573,1583582
1,2022-05-07,-0.42700000000000005,-0.4134285714285714,58.65714285714285,58.65714285714285,2822432.4285714286,1844331
2,2022-05-06,-0.43300000000000005,-0.40185714285714286,59.81428571428571,59.81428571428571,2860509.285714286,3196285
3,2022-05-05,-0.404,-0.40171428571428575,59.82857142857143,59.82857142857143,2870116.285714286,3509583
4,2022-05-04,-0.42500000000000004,-0.4042857142857143,59.57142857142856,59.57142857142856,2856133.4285714286,3371649
5,2022-05-03,-0.41400000000000003,-0.40185714285714286,59.81428571428571,59.81428571428571,2865781.4285714286,3410282
6,2022-05-02,-0.515,-0.404,59.599999999999994,59.599999999999994,2848409.8571428573,2738250
7,2022-05-01,-0.276,-0.3952857142857143,60.471428571428575,60.471428571428575,2890497.4285714286,1686647
1,2022-04-30,-0.346,-0.40099999999999997,59.9,59.9,2886099.714285714,2110869
2,2022-04-29,-0.43200000000000005,-0.40228571428571425,59.77142857142857,59.77142857142857,2885868,3263534
3,2022-04-28,-0.42200000000000004,-0.39885714285714285,60.11428571428572,60.11428571428572,2846938,3411703
4,2022-04-27,-0.40800000000000003,-0.402,59.8,59.8,2793717.5714285714,3439185
5,2022-04-26,-0.42900000000000005,-0.40499999999999997,59.5,59.5,2745854.4285714286,3288681
6,2022-04-25,-0.45399999999999996,-0.40857142857142853,59.14285714285714,59.14285714285714,2700038.714285714,3032863
7,2022-04-24,-0.31599999999999995,-0.40914285714285714,59.08571428571429,59.08571428571429,2649838.714285714,1655863
1,2022-04-23,-0.355,-0.41457142857142854,58.542857142857144,58.542857142857144,2629611.5714285714,2109247
2,2022-04-22,-0.40800000000000003,-0.4064285714285714,59.35714285714286,59.35714285714286,2612353.285714286,2991024
3,2022-04-21,-0.44399999999999995,-0.40785714285714286,59.21428571428571,59.21428571428571,2580244.1428571427,3039160
4,2022-04-20,-0.42900000000000005,-0.4072857142857143,59.27142857142857,59.27142857142857,2618089.5714285714,3104143
5,2022-04-19,-0.45399999999999996,-0.41171428571428564,58.82857142857143,58.82857142857143,2635720.1428571427,2967971
6,2022-04-18,-0.45799999999999996,-0.4154285714285714,58.457142857142856,58.457142857142856,2652462.5714285714,2681463
7,2022-04-17,-0.354,-0.41028571428571425,58.971428571428575,58.971428571428575,2728265.285714286,1514273
1,2022-04-16,-0.29800000000000004,-0.40399999999999997,59.60000000000001,59.60000000000001,2755906.4285714286,1988439
2,2022-04-15,-0.41800000000000004,-0.40885714285714286,59.11428571428572,59.11428571428572,2784766.8571428573,2766260
3,2022-04-14,-0.43999999999999995,-0.40828571428571425,59.17142857142858,59.17142857142858,2868743.4285714286,3304078
4,2022-04-13,-0.45999999999999996,-0.40700000000000003,59.3,59.3,2870119.714285714,3227557
5,2022-04-12,-0.48,-0.4032857142857143,59.67142857142858,59.67142857142858,2883056.714285714,3085168
6,2022-04-11,-0.42200000000000004,-0.3942857142857143,60.57142857142856,60.57142857142856,2922824.5714285714,3212082
7,2022-04-10,-0.31000000000000005,-0.3962857142857143,60.37142857142857,60.37142857142857,2911719,1707761
1,2022-04-09,-0.33199999999999996,-0.4114285714285714,58.857142857142854,58.857142857142854,2877089,2190462
2,2022-04-08,-0.41400000000000003,-0.4147142857142857,58.52857142857143,58.52857142857143,2868582.8571428573,3354096
3,2022-04-07,-0.43100000000000005,-0.41714285714285715,58.285714285714285,58.285714285714285,2852723.285714286,3313712
4,2022-04-06,-0.43400000000000005,-0.41800000000000004,58.199999999999996,58.199999999999996,2855053.714285714,3318116
5,2022-04-05,-0.41700000000000004,-0.41771428571428576,58.22857142857143,58.22857142857143,2858607.5714285714,3363543
6,2022-04-04,-0.43600000000000005,-0.4192857142857143,58.07142857142858,58.07142857142858,2849356.1428571427,3134343
7,2022-04-03,-0.41600000000000004,-0.42300000000000004,57.699999999999996,57.699999999999996,2829588.5714285714,1465351
1,2022-04-02,-0.355,-0.4094285714285714,59.05714285714285,59.05714285714285,2839632.4285714286,2130919
2,2022-04-01,-0.43100000000000005,-0.4124285714285714,58.75714285714287,58.75714285714287,2824751.1428571427,3243079
3,2022-03-31,-0.43700000000000006,-0.4114285714285714,58.857142857142854,58.857142857142854,2822174.8571428573,3330025
4,2022-03-30,-0.43200000000000005,-0.41257142857142853,58.74285714285714,58.74285714285714,2806270.4285714286,3342993
5,2022-03-29,-0.42800000000000005,-0.41171428571428564,58.82857142857143,58.82857142857143,2797592.5714285714,3298783
6,2022-03-28,-0.46199999999999997,-0.411,58.9,58.9,2795483.8571428573,2995970
7,2022-03-27,-0.32099999999999995,-0.40771428571428575,59.22857142857143,59.22857142857143,2801934.714285714,1535658
1,2022-03-26,-0.376,-0.4067142857142857,59.32857142857143,59.32857142857143,2819468.5714285714,2026750
2,2022-03-25,-0.42400000000000004,-0.40114285714285713,59.885714285714286,59.885714285714286,2816202.714285714,3225045
3,2022-03-24,-0.44499999999999995,-0.39814285714285713,60.18571428571428,60.18571428571428,2824299.285714286,3218694
4,2022-03-23,-0.42600000000000005,-0.39571428571428574,60.42857142857143,60.42857142857143,2819136.1428571427,3282248
5,2022-03-22,-0.42300000000000004,-0.3938571428571428,60.61428571428572,60.61428571428572,2827292.714285714,3284022
6,2022-03-21,-0.43899999999999995,-0.3931428571428571,60.68571428571429,60.68571428571429,2827174.285714286,3041126
7,2022-03-20,-0.31399999999999995,-0.3934285714285714,60.65714285714285,60.65714285714285,2823472.8571428573,1658395
1,2022-03-19,-0.33699999999999997,-0.40385714285714286,59.61428571428571,59.61428571428571,2798120.714285714,2003889
2,2022-03-18,-0.403,-0.4238571428571429,57.61428571428571,57.61428571428571,2749799.5714285714,3281721
3,2022-03-17,-0.42800000000000005,-0.428,57.2,57.2,2738426,3182552
4,2022-03-16,-0.41300000000000003,-0.42742857142857144,57.25714285714285,57.25714285714285,2761815.285714286,3339344
5,2022-03-15,-0.41800000000000004,-0.4341428571428571,56.58571428571428,56.58571428571428,2730446,3283193
6,2022-03-14,-0.44099999999999995,-0.43657142857142855,56.34285714285714,56.34285714285714,2725903.5714285714,3015216
7,2022-03-13,-0.387,-0.43971428571428567,56.028571428571425,56.028571428571425,2721884.285714286,1480930
1,2022-03-12,-0.477,-0.4352857142857142,56.471428571428575,56.471428571428575,2716901.5714285714,1665641
2,2022-03-11,-0.43200000000000005,-0.41185714285714287,58.81428571428571,58.81428571428571,2758617.285714286,3202106
3,2022-03-10,-0.42400000000000004,-0.41314285714285715,58.68571428571428,58.68571428571428,2741651.285714286,3346277
4,2022-03-09,-0.45999999999999996,-0.41471428571428565,58.52857142857144,58.52857142857144,2722778.714285714,3119759
5,2022-03-08,-0.43500000000000005,-0.41014285714285714,58.98571428571429,58.98571428571429,2736362.5714285714,3251396
6,2022-03-07,-0.46299999999999997,-0.41028571428571425,58.971428571428575,58.971428571428575,2721139.714285714,2987081
7,2022-03-06,-0.356,-0.4098571428571428,59.01428571428572,59.01428571428572,2711836.1428571427,1446051
1,2022-03-05,-0.31299999999999994,-0.4137142857142857,58.62857142857143,58.62857142857143,2705936,1957651
2,2022-03-04,-0.44099999999999995,-0.4225714285714286,57.74285714285714,57.74285714285714,2687249.4285714286,3083344
3,2022-03-03,-0.43500000000000005,-0.4311428571428571,56.88571428571429,56.88571428571429,2615368,3214169
4,2022-03-02,-0.42800000000000005,-0.43557142857142855,56.44285714285715,56.44285714285715,2565347.4285714286,3214846
5,2022-03-01,-0.43600000000000005,-0.44,56.00000000000001,56.00000000000001,2520421,3144836
6,2022-02-28,-0.45999999999999996,-0.44642857142857145,55.35714285714286,55.35714285714286,2453340.8571428573,2921956
7,2022-02-27,-0.383,-0.43685714285714283,56.31428571428572,56.31428571428572,2313782.5714285714,1404750
1,2022-02-26,-0.375,-0.4322857142857143,56.77142857142857,56.77142857142857,2324338.5714285714,1826845
2,2022-02-25,-0.501,-0.43385714285714283,56.614285714285714,56.614285714285714,2319681.285714286,2580174
3,2022-02-24,-0.46599999999999997,-0.4288571428571428,57.114285714285714,57.114285714285714,2373865.285714286,2864025
4,2022-02-23,-0.45899999999999996,-0.42671428571428566,57.328571428571436,57.328571428571436,2409930.714285714,2900361
5,2022-02-22,-0.481,-0.4244285714285714,57.557142857142864,57.557142857142864,2439447.1428571427,2675275
6,2022-02-21,-0.393,-0.42128571428571426,57.871428571428574,57.871428571428574,2491149.1428571427,1945048
7,2022-02-20,-0.351,-0.43085714285714277,56.91428571428572,56.91428571428572,2629517.714285714,1478642
1,2022-02-19,-0.386,-0.44085714285714284,55.91428571428572,55.91428571428572,2611309.714285714,1794244
2,2022-02-18,-0.46599999999999997,-0.4244285714285714,57.557142857142864,57.557142857142864,2644789.5714285714,2959462
3,2022-02-17,-0.45099999999999996,-0.4228571428571429,57.714285714285715,57.714285714285715,2653586.714285714,3116483
4,2022-02-16,-0.44299999999999995,-0.4228571428571429,57.714285714285715,57.714285714285715,2653925,3106976
5,2022-02-15,-0.45899999999999996,-0.4231428571428571,57.6857142857143,57.6857142857143,2652224.4285714286,3037189
6,2022-02-14,-0.45999999999999996,-0.4234285714285714,57.657142857142865,57.657142857142865,2650183.4285714286,2913628
7,2022-02-13,-0.42100000000000004,-0.42671428571428566,57.328571428571436,57.328571428571436,2632513.8571428573,1351186
1,2022-02-12,-0.271,-0.4254285714285714,57.45714285714286,57.45714285714286,2628813,2028603
2,2022-02-11,-0.45499999999999996,-0.4434285714285714,55.65714285714286,55.65714285714286,2595386.1428571427,3021042
3,2022-02-10,-0.45099999999999996,-0.4507142857142857,54.92857142857144,54.92857142857144,2553922.5714285714,3118851
4,2022-02-09,-0.44499999999999995,-0.4554285714285714,54.45714285714286,54.45714285714286,2525507.8571428573,3095072
5,2022-02-08,-0.46099999999999997,-0.4605714285714285,53.94285714285715,53.94285714285715,2504209.285714286,3022902
6,2022-02-07,-0.483,-0.47014285714285714,52.98571428571428,52.98571428571428,2449519.8571428573,2789941
7,2022-02-06,-0.41200000000000003,-0.47557142857142853,52.44285714285715,52.44285714285715,2419632.5714285714,1325280
1,2022-02-05,-0.397,-0.4788571428571428,52.114285714285714,52.114285714285714,2410836.8571428573,1794615
2,2022-02-04,-0.506,-0.5152857142857143,48.47142857142857,48.47142857142857,2297348.8571428573,2730797
3,2022-02-03,-0.484,-0.5142857142857143,48.57142857142856,48.57142857142856,2294148.8571428573,2919948
4,2022-02-02,-0.481,-0.5188571428571429,48.11428571428571,48.11428571428571,2267049.1428571427,2945982
5,2022-02-01,-0.528,-0.5241428571428571,47.58571428571429,47.58571428571429,2234337.4285714286,2640076
6,2022-01-31,-0.521,-0.5222857142857144,47.771428571428565,47.771428571428565,2243879.5714285714,2580730
7,2022-01-30,-0.43500000000000005,-0.5215714285714286,47.84285714285714,47.84285714285714,2238348.8571428573,1263710
1,2022-01-29,-0.652,-0.5258571428571429,47.41428571428571,47.41428571428571,2235956.1428571427,1000199
2,2022-01-28,-0.499,-0.48857142857142855,51.142857142857146,51.142857142857146,2319540.8571428573,2708397
3,2022-01-27,-0.516,-0.49142857142857144,50.857142857142854,50.857142857142854,2299845.4285714286,2730250
4,2022-01-26,-0.518,-0.4937142857142857,50.62857142857142,50.62857142857142,2274169.285714286,2717000
5,2022-01-25,-0.515,-0.4928571428571429,50.71428571428571,50.71428571428571,2264273.1428571427,2706871
6,2022-01-24,-0.516,-0.4937142857142857,50.62857142857142,50.62857142857142,2241352.285714286,2542015
7,2022-01-23,-0.46499999999999997,-0.4911428571428571,50.885714285714286,50.885714285714286,2107098.4285714286,1246961
1,2022-01-22,-0.391,-0.49457142857142855,50.542857142857144,50.542857142857144,2095642,1585292
2,2022-01-21,-0.519,-0.5024285714285714,49.75714285714285,49.75714285714285,2074332.4285714286,2570529
3,2022-01-20,-0.532,-0.5035714285714286,49.642857142857146,49.642857142857146,2068220.5714285714,2550517
4,2022-01-19,-0.512,-0.505,49.5,49.5,2065193.7142857143,2647727
5,2022-01-18,-0.521,-0.5108571428571428,48.91428571428572,48.91428571428572,2038982.4285714286,2546425
6,2022-01-17,-0.498,-0.5194285714285714,48.057142857142864,48.057142857142864,1999640.7142857143,1602238
7,2022-01-16,-0.489,-0.5267142857142857,47.32857142857143,47.32857142857143,2106789.1428571427,1166766
1,2022-01-15,-0.44599999999999995,-0.5308571428571428,46.91428571428572,46.91428571428572,2097777.1428571427,1436125
2,2022-01-14,-0.527,-0.5392857142857143,46.07142857142858,46.07142857142858,2105150.285714286,2527746
3,2022-01-13,-0.542,-0.551142857142857,44.88571428571429,44.88571428571429,2047696.4285714286,2529329
4,2022-01-12,-0.5529999999999999,-0.5539999999999999,44.60000000000001,44.60000000000001,2028661.5714285714,2464248
5,2022-01-11,-0.581,-0.5581428571428572,44.18571428571428,44.18571428571428,2001283.4285714286,2271033
6,2022-01-10,-0.5489999999999999,-0.5574285714285715,44.25714285714285,44.25714285714285,2004585.4285714286,2352277
7,2022-01-09,-0.518,-0.5627142857142857,43.72857142857143,43.72857142857143,1978937.857142857,1103682
1,2022-01-08,-0.505,-0.5548571428571429,44.514285714285705,44.514285714285705,1995741.2857142857,1487737
2,2022-01-07,-0.61,-0.562,43.8,43.8,1930233.142857143,2125569
3,2022-01-06,-0.562,-0.5431428571428571,45.68571428571428,45.68571428571428,1859417.4285714286,2396085
4,2022-01-05,-0.5820000000000001,-0.533,46.699999999999996,46.699999999999996,1831742.2857142857,2272601
5,2022-01-04,-0.5760000000000001,-0.5211428571428571,47.885714285714286,47.885714285714286,1817238.2857142857,2294147
6,2022-01-03,-0.5860000000000001,-0.51,49,49,1799901.7142857143,2172744
7,2022-01-02,-0.46299999999999997,-0.5027142857142857,49.728571428571435,49.728571428571435,1776891.857142857,1221306
1,2022-01-01,-0.5549999999999999,-0.5065714285714286,49.34285714285714,49.34285714285714,1786203,1029180
2,2021-12-31,-0.478,-0.5035714285714286,49.642857142857146,49.642857142857146,1755169.4285714286,1629859
3,2021-12-30,-0.491,-0.5164285714285713,48.35714285714287,48.35714285714287,1747723.5714285714,2202359
4,2021-12-29,-0.499,-0.5141428571428571,48.58571428571429,48.58571428571429,1789027.857142857,2171073
5,2021-12-28,-0.498,-0.5062857142857142,49.37142857142858,49.37142857142858,1856040.142857143,2172791
6,2021-12-27,-0.5349999999999999,-0.49657142857142855,50.34285714285714,50.34285714285714,1931798.142857143,2011675
7,2021-12-26,-0.49,-0.481,51.9,51.9,2033334.5714285714,1286484
1,2021-12-25,-0.534,-0.46914285714285714,53.08571428571429,53.08571428571429,2075480.142857143,811945
2,2021-12-24,-0.5680000000000001,-0.45128571428571423,54.871428571428574,54.871428571428574,2228481.714285714,1577738
3,2021-12-23,-0.475,-0.4342857142857143,56.57142857142857,56.57142857142857,2448589.4285714286,2491489
4,2021-12-22,-0.44399999999999995,-0.42914285714285716,57.08571428571428,57.08571428571428,2553639.8571428573,2640159
5,2021-12-21,-0.43000000000000005,-0.43042857142857144,56.95714285714286,56.95714285714286,2640628,2703097
6,2021-12-20,-0.42600000000000005,-0.42957142857142855,57.04285714285715,57.04285714285715,2723227.5714285714,2722430
7,2021-12-19,-0.40700000000000003,-0.43357142857142855,56.64285714285715,56.64285714285715,2781111.714285714,1581503
1,2021-12-18,-0.40900000000000003,-0.42528571428571427,57.471428571428575,57.471428571428575,2816854.8571428573,1882956
2,2021-12-17,-0.44899999999999995,-0.4158571428571428,58.41428571428572,58.41428571428572,2871940.5714285714,3118492
3,2021-12-16,-0.43899999999999995,-0.412,58.80000000000001,58.80000000000001,2915553.4285714286,3226842
4,2021-12-15,-0.45299999999999996,-0.4114285714285714,58.857142857142854,58.857142857142854,2946122,3249076
5,2021-12-14,-0.42400000000000004,-0.4082857142857143,59.171428571428564,59.171428571428564,2965636.1428571427,3281294
6,2021-12-13,-0.45399999999999996,-0.4092857142857143,59.07142857142858,59.07142857142858,2979045.1428571427,3127619
7,2021-12-12,-0.349,-0.4074285714285714,59.25714285714285,59.25714285714285,2981179,1831705
1,2021-12-11,-0.34299999999999997,-0.40757142857142853,59.242857142857154,59.242857142857154,2967727.5714285714,2268556
2,2021-12-10,-0.42200000000000004,-0.4074285714285714,59.25714285714285,59.25714285714285,2974820,3423782
3,2021-12-09,-0.43500000000000005,-0.409,59.099999999999994,59.099999999999994,2968642.4285714286,3440822
4,2021-12-08,-0.43100000000000005,-0.4104285714285714,58.95714285714286,58.95714285714286,2957972.5714285714,3385675
5,2021-12-07,-0.43100000000000005,-0.4121428571428571,58.785714285714285,58.785714285714285,2950552.5714285714,3375157
6,2021-12-06,-0.44099999999999995,-0.41471428571428565,58.52857142857144,58.52857142857144,2927577.714285714,3142556
7,2021-12-05,-0.35,-0.41314285714285715,58.68571428571428,58.68571428571428,2907599.285714286,1737545
1,2021-12-04,-0.34199999999999997,-0.40285714285714286,59.71428571428572,59.71428571428572,2869009.1428571427,2318203
2,2021-12-03,-0.43300000000000005,-0.4004285714285714,59.95714285714286,59.95714285714286,2806785.5714285714,3380539
3,2021-12-02,-0.44499999999999995,-0.3955714285714285,60.44285714285715,60.44285714285715,2622848.1428571427,3366133
4,2021-12-01,-0.44299999999999995,-0.3834285714285714,61.65714285714286,61.65714285714286,2336141.714285714,3333735
5,2021-11-30,-0.44899999999999995,-0.3794285714285714,62.05714285714286,62.05714285714286,2301590.714285714,3214333
6,2021-11-29,-0.43000000000000005,-0.37757142857142856,62.24285714285715,62.24285714285715,2312941,3002707
7,2021-11-28,-0.278,-0.3807142857142857,61.92857142857142,61.92857142857142,2332162.714285714,1467414
1,2021-11-27,-0.32499999999999996,-0.3777142857142857,62.228571428571435,62.228571428571435,2361965.4285714286,1882638
2,2021-11-26,-0.399,-0.37842857142857145,62.15714285714286,62.15714285714286,2398459.714285714,2092977
3,2021-11-25,-0.36,-0.38257142857142856,61.74285714285715,61.74285714285715,2574297.4285714286,1359188
4,2021-11-24,-0.41500000000000004,-0.3925714285714286,60.74285714285714,60.74285714285714,2868664.8571428573,3091878
5,2021-11-23,-0.43600000000000005,-0.3948571428571429,60.51428571428571,60.51428571428571,2909328.285714286,3293785
6,2021-11-22,-0.45199999999999996,-0.39428571428571424,60.57142857142858,60.57142857142858,2917118.4285714286,3137259
7,2021-11-21,-0.257,-0.3932857142857143,60.67142857142858,60.67142857142858,2914333,1676033
1,2021-11-20,-0.32999999999999996,-0.39942857142857147,60.05714285714285,60.05714285714285,2918458,2138098
2,2021-11-19,-0.42800000000000005,-0.3992857142857143,60.07142857142858,60.07142857142858,2923322.4285714286,3323841
3,2021-11-18,-0.43000000000000005,-0.4041428571428571,59.58571428571429,59.58571428571429,2900597.1428571427,3419760
4,2021-11-17,-0.43100000000000005,-0.3984285714285714,60.157142857142865,60.157142857142865,2830306.8571428573,3376522
5,2021-11-16,-0.43200000000000005,-0.3974285714285714,60.25714285714285,60.25714285714285,2827866.1428571427,3348316
6,2021-11-15,-0.44499999999999995,-0.3977142857142857,60.22857142857143,60.22857142857143,2819125.8571428573,3117761
7,2021-11-14,-0.30000000000000004,-0.4015714285714286,59.84285714285714,59.84285714285714,2812653.4285714286,1704908
1,2021-11-13,-0.32899999999999996,-0.40771428571428575,59.22857142857143,59.22857142857143,2839375.5714285714,2172149
2,2021-11-12,-0.46199999999999997,-0.4065714285714286,59.34285714285714,59.34285714285714,2843107.714285714,3164764
3,2021-11-11,-0.39,-0.40299999999999997,59.699999999999996,59.699999999999996,2862456.714285714,2927728
4,2021-11-10,-0.42400000000000004,-0.4121428571428571,58.785714285714285,58.785714285714285,2914427.714285714,3359437
5,2021-11-09,-0.43400000000000005,-0.4161428571428571,58.385714285714286,58.385714285714286,2906094.285714286,3287134
6,2021-11-08,-0.472,-0.4234285714285714,57.657142857142865,57.657142857142865,2844203.8571428573,3072454
7,2021-11-07,-0.34299999999999997,-0.42428571428571427,57.57142857142858,57.57142857142858,2839723.1428571427,1891963
1,2021-11-06,-0.32099999999999995,-0.4188571428571429,58.11428571428572,58.11428571428572,2819254,2198274
2,2021-11-05,-0.43700000000000006,-0.42857142857142855,57.14285714285714,57.14285714285714,2797570.1428571427,3300207
3,2021-11-04,-0.45399999999999996,-0.4308571428571429,56.91428571428572,56.91428571428572,2791594.285714286,3291525
4,2021-11-03,-0.45199999999999996,-0.4254285714285714,57.45714285714286,57.45714285714286,2803315.8571428573,3301103
5,2021-11-02,-0.485,-0.42528571428571427,57.471428571428575,57.471428571428575,2804248.8571428573,2853901
6,2021-11-01,-0.478,-0.4341428571428571,56.58571428571428,56.58571428571428,2783393.4285714286,3041089
7,2021-10-31,-0.30500000000000005,-0.4342857142857143,56.57142857142857,56.57142857142857,2777803.8571428573,1748679
1,2021-10-30,-0.389,-0.4297142857142857,57.028571428571425,57.028571428571425,2756826.1428571427,2046487
2,2021-10-29,-0.45299999999999996,-0.42799999999999994,57.2,57.2,2761575.285714286,3258376
3,2021-10-28,-0.41600000000000004,-0.42799999999999994,57.2,57.2,2757823.4285714286,3373576
4,2021-10-27,-0.45099999999999996,-0.435,56.49999999999999,56.49999999999999,2743769,3307634
5,2021-10-26,-0.5469999999999999,-0.43699999999999994,56.300000000000004,56.300000000000004,2734317.714285714,2707913
6,2021-10-25,-0.479,-0.4232857142857142,57.67142857142857,57.67142857142857,2802538.4285714286,3001962
7,2021-10-24,-0.273,-0.42242857142857143,57.75714285714286,57.75714285714286,2800785.714285714,1601835
1,2021-10-23,-0.377,-0.43057142857142855,56.942857142857136,56.942857142857136,2805072.714285714,2079731
2,2021-10-22,-0.45299999999999996,-0.4327142857142857,56.72857142857143,56.72857142857143,2800024.8571428573,3232113
3,2021-10-21,-0.46499999999999997,-0.43385714285714283,56.614285714285714,56.614285714285714,2800273.5714285714,3275195
4,2021-10-20,-0.46499999999999997,-0.434,56.60000000000001,56.60000000000001,2796398.8571428573,3241475
5,2021-10-19,-0.45099999999999996,-0.4331428571428571,56.6857142857143,56.6857142857143,2785424.5714285714,3185458
6,2021-10-18,-0.473,-0.43599999999999994,56.400000000000006,56.400000000000006,2774669.285714286,2989693
7,2021-10-17,-0.32999999999999996,-0.4352857142857142,56.471428571428575,56.471428571428575,2671498.5714285714,1631844
1,2021-10-16,-0.392,-0.45042857142857134,54.95714285714286,54.95714285714286,2652599.5714285714,2044396
2,2021-10-15,-0.46099999999999997,-0.44757142857142856,55.24285714285715,55.24285714285715,2653792.4285714286,3233854
3,2021-10-14,-0.46599999999999997,-0.44728571428571423,55.27142857142857,55.27142857142857,2645403.714285714,3248072
4,2021-10-13,-0.45899999999999996,-0.44799999999999995,55.2,55.2,2638257,3164655
5,2021-10-12,-0.471,-0.4497142857142857,55.028571428571425,55.028571428571425,2635871.714285714,3110171
6,2021-10-11,-0.46799999999999997,-0.44799999999999995,55.2,55.2,2634159.714285714,2267498
7,2021-10-10,-0.43600000000000005,-0.4522857142857143,54.77142857142857,54.77142857142857,2720365.714285714,1499551
1,2021-10-09,-0.372,-0.4434285714285714,55.65714285714286,55.65714285714286,2731521.5714285714,2052746
2,2021-10-08,-0.45899999999999996,-0.4447142857142857,55.52857142857144,55.52857142857144,2733446.714285714,3175133
3,2021-10-07,-0.471,-0.44657142857142856,55.34285714285714,55.34285714285714,2732600,3198045
4,2021-10-06,-0.471,-0.44728571428571423,55.27142857142857,55.27142857142857,2726302.8571428573,3147958
5,2021-10-05,-0.45899999999999996,-0.4491428571428571,55.085714285714296,55.085714285714296,2715238.714285714,3098187
6,2021-10-04,-0.498,-0.45671428571428574,54.32857142857143,54.32857142857143,2691860.8571428573,2870940
7,2021-10-03,-0.374,-0.45699999999999996,54.300000000000004,54.300000000000004,2693167,1577642
1,2021-10-02,-0.381,-0.4554285714285714,54.45714285714286,54.45714285714286,2698777.4285714286,2066222
2,2021-10-01,-0.472,-0.44899999999999995,55.1,55.1,2708204.4285714286,3169206
3,2021-09-30,-0.476,-0.4485714285714285,55.142857142857146,55.142857142857146,2702323.714285714,3153965
4,2021-09-29,-0.484,-0.4522857142857143,54.77142857142857,54.77142857142857,2683590.1428571427,3070509
5,2021-09-28,-0.512,-0.4547142857142857,54.52857142857144,54.52857142857144,2677506.714285714,2934542
6,2021-09-27,-0.5,-0.4525714285714285,54.74285714285715,54.74285714285715,2690473.5714285714,2880083
7,2021-09-26,-0.363,-0.4522857142857143,54.77142857142857,54.77142857142857,2691855.8571428573,1616915
1,2021-09-25,-0.33599999999999997,-0.45599999999999996,54.400000000000006,54.400000000000006,2689256.5714285714,2132211
2,2021-09-24,-0.469,-0.4641428571428571,53.58571428571429,53.58571428571429,2672859.285714286,3128041
3,2021-09-23,-0.502,-0.4675714285714285,53.24285714285715,53.24285714285715,2659521.4285714286,3022830
4,2021-09-22,-0.501,-0.47857142857142854,52.142857142857146,52.142857142857146,2590524.714285714,3027925
5,2021-09-21,-0.497,-0.47857142857142854,52.142857142857146,52.142857142857146,2585641.714285714,3025310
6,2021-09-20,-0.498,-0.47814285714285715,52.18571428571428,52.18571428571428,2584589.8571428573,2889759
7,2021-09-19,-0.389,-0.47800000000000004,52.2,52.2,2580185.5714285714,1598720
1,2021-09-18,-0.393,-0.47657142857142853,52.34285714285715,52.34285714285715,2579176.285714286,2017430
2,2021-09-17,-0.493,-0.4728571428571428,52.714285714285715,52.714285714285715,2574582.4285714286,3034676
3,2021-09-16,-0.579,-0.4761428571428571,52.38571428571429,52.38571428571429,2547603,2539853
4,2021-09-15,-0.501,-0.47128571428571425,52.87142857142857,52.87142857142857,2571637,2993744
5,2021-09-14,-0.494,-0.47685714285714287,52.31428571428572,52.31428571428572,2506080.285714286,3017947
6,2021-09-13,-0.497,-0.489,51.1,51.1,2394726.285714286,2858929
7,2021-09-12,-0.379,-0.46328571428571425,53.67142857142857,53.67142857142857,2203929.8571428573,1591655
1,2021-09-11,-0.367,-0.4708571428571428,52.91428571428571,52.91428571428571,2178963.8571428573,1985273
2,2021-09-10,-0.516,-0.47414285714285714,52.58571428571428,52.58571428571428,2149602.4285714286,2845820
3,2021-09-09,-0.5449999999999999,-0.4735714285714286,52.642857142857146,52.642857142857146,2085177,2708091
4,2021-09-08,-0.54,-0.4935714285714286,50.642857142857146,50.642857142857146,1936046.5714285714,2534847
5,2021-09-07,-0.579,-0.4961428571428571,50.385714285714286,50.385714285714286,1902354,2238469
6,2021-09-06,-0.31699999999999995,-0.4867142857142857,51.328571428571436,51.328571428571436,1945140.4285714286,1523354
7,2021-09-05,-0.43200000000000005,-0.5161428571428571,48.385714285714286,48.385714285714286,2059760.5714285714,1416893
1,2021-09-04,-0.39,-0.5171428571428571,48.285714285714285,48.285714285714285,2057439,1779743
2,2021-09-03,-0.512,-0.5228571428571429,47.71428571428571,47.71428571428571,2040489.2857142857,2394842
3,2021-09-02,-0.685,-0.523,47.699999999999996,47.699999999999996,2040169.2857142857,1664178
4,2021-09-01,-0.558,-0.5007142857142857,49.92857142857143,49.92857142857143,2157448.4285714286,2298999
5,2021-08-31,-0.513,-0.495,50.5,50.5,2186651.4285714286,2537974
6,2021-08-30,-0.523,-0.497,50.3,50.3,2176570.285714286,2325695
7,2021-08-29,-0.43899999999999995,-0.5048571428571428,49.51428571428572,49.51428571428572,2138146.8571428573,1400642
1,2021-08-28,-0.43000000000000005,-0.5392857142857143,46.07142857142858,46.07142857142858,2044598,1661095
2,2021-08-27,-0.513,-0.5361428571428571,46.385714285714286,46.385714285714286,2052504.2857142857,2392602
3,2021-08-26,-0.529,-0.5337142857142857,46.62857142857143,46.62857142857143,2062264.5714285714,2485132
4,2021-08-25,-0.518,-0.5325714285714286,46.74285714285714,46.74285714285714,2056459.2857142857,2503420
5,2021-08-24,-0.527,-0.5324285714285714,46.75714285714287,46.75714285714287,2048901.5714285714,2467406
6,2021-08-23,-0.5780000000000001,-0.532,46.8,46.8,2043942.4285714286,2056731
7,2021-08-22,-0.6799999999999999,-0.5244285714285714,47.557142857142864,47.557142857142864,2077608.857142857,745800
1,2021-08-21,-0.40800000000000003,-0.4802857142857143,51.97142857142857,51.97142857142857,2175440.285714286,1716439
2,2021-08-20,-0.496,-0.47914285714285715,52.08571428571429,52.08571428571429,2175695,2460924
3,2021-08-19,-0.521,-0.4818571428571429,51.81428571428571,51.81428571428571,2171937.8571428573,2444495
4,2021-08-18,-0.517,-0.48442857142857143,51.55714285714286,51.55714285714286,2173203.285714286,2450516
5,2021-08-17,-0.524,-0.4858571428571428,51.414285714285725,51.414285714285725,2177540.5714285714,2432692
6,2021-08-16,-0.525,-0.4858571428571428,51.414285714285725,51.414285714285725,2179617.5714285714,2292396
7,2021-08-15,-0.371,-0.48857142857142855,51.142857142857146,51.142857142857146,2179886.5714285714,1430620
1,2021-08-14,-0.4,-0.5015714285714286,49.84285714285714,49.84285714285714,2166067.285714286,1718222
2,2021-08-13,-0.515,-0.5031428571428571,49.68571428571429,49.68571428571429,2174958.1428571427,2434624
3,2021-08-12,-0.5389999999999999,-0.5027142857142858,49.72857142857142,49.72857142857142,2187718.1428571427,2453353
4,2021-08-11,-0.527,-0.502,49.8,49.8,2199280.1428571427,2480877
5,2021-08-10,-0.524,-0.5007142857142857,49.92857142857143,49.92857142857143,2206871.714285714,2447231
6,2021-08-09,-0.544,-0.5022857142857143,49.771428571428565,49.771428571428565,2212847.8571428573,2294279
7,2021-08-08,-0.46199999999999997,-0.5024285714285714,49.75714285714285,49.75714285714285,2219196.8571428573,1333885
1,2021-08-07,-0.41100000000000003,-0.5004285714285713,49.95714285714287,49.95714285714287,2221683.8571428573,1780458
2,2021-08-06,-0.512,-0.49714285714285705,50.28571428571429,50.28571428571429,2230333.714285714,2523944
3,2021-08-05,-0.534,-0.4967142857142857,50.328571428571436,50.328571428571436,2235840.1428571427,2534287
4,2021-08-04,-0.518,-0.49971428571428567,50.02857142857143,50.02857142857143,2221443,2534018
5,2021-08-03,-0.5349999999999999,-0.5008571428571428,49.914285714285725,49.914285714285725,2222263.285714286,2489064
6,2021-08-02,-0.5449999999999999,-0.5012857142857142,49.87142857142858,49.87142857142858,2222836.8571428573,2338722
7,2021-08-01,-0.44799999999999995,-0.5018571428571429,49.81428571428571,49.81428571428571,2220615,1351294
1,2021-07-31,-0.388,-0.5007142857142857,49.92857142857143,49.92857142857143,2222548.714285714,1841007
2,2021-07-30,-0.509,-0.5014285714285714,49.857142857142854,49.857142857142854,2224176.5714285714,2562489
3,2021-07-29,-0.5549999999999999,-0.5028571428571428,49.71428571428572,49.71428571428572,2223398.5714285714,2433507
4,2021-07-28,-0.526,-0.5,50,50,2245374.4285714286,2539760
5,2021-07-27,-0.538,-0.5037142857142857,49.62857142857143,49.62857142857143,2241051.8571428573,2493079
6,2021-07-26,-0.5489999999999999,-0.503,49.7,49.7,2237328.714285714,2323169
7,2021-07-25,-0.43999999999999995,-0.5015714285714286,49.84285714285714,49.84285714285714,2238657.8571428573,1364830
1,2021-07-24,-0.393,-0.4894285714285714,51.057142857142864,51.057142857142864,2244445.5714285714,1852402
2,2021-07-23,-0.519,-0.4834285714285714,51.657142857142865,51.657142857142865,2225171,2557043
3,2021-07-22,-0.5349999999999999,-0.4824285714285714,51.75714285714286,51.75714285714286,2222907,2587338
4,2021-07-21,-0.552,-0.48057142857142854,51.94285714285714,51.94285714285714,2222828.8571428573,2509502
5,2021-07-20,-0.5329999999999999,-0.4788571428571428,52.114285714285714,52.114285714285714,2224704.714285714,2467017
6,2021-07-19,-0.5389999999999999,-0.48214285714285715,51.78571428571428,51.78571428571428,2224079.8571428573,2332473
7,2021-07-18,-0.355,-0.48728571428571427,51.271428571428565,51.271428571428565,2212294.4285714286,1405344
1,2021-07-17,-0.351,-0.4992857142857143,50.07142857142857,50.07142857142857,2206874.285714286,1717480
2,2021-07-16,-0.512,-0.508,49.2,49.2,2216365.8571428573,2541195
3,2021-07-15,-0.522,-0.5162857142857142,48.371428571428574,48.371428571428574,2185154,2586791
4,2021-07-14,-0.54,-0.523,47.699999999999996,47.699999999999996,2154046,2522633
5,2021-07-13,-0.556,-0.5261428571428571,47.385714285714286,47.385714285714286,2142540.1428571427,2462643
6,2021-07-12,-0.575,-0.5292857142857142,47.07142857142858,47.07142857142858,2120261.4285714286,2249975
7,2021-07-11,-0.43899999999999995,-0.4975714285714286,50.24285714285715,50.24285714285715,2012795.5714285714,1367403
1,2021-07-10,-0.41200000000000003,-0.5005714285714286,49.94285714285714,49.94285714285714,2027498.7142857143,1783921
2,2021-07-09,-0.5700000000000001,-0.49957142857142856,50.042857142857144,50.042857142857144,1993189.4285714286,2322712
3,2021-07-08,-0.569,-0.4767142857142857,52.328571428571436,52.328571428571436,1989988,2369035
4,2021-07-07,-0.562,-0.4785714285714286,52.14285714285714,52.14285714285714,1979705.7142857143,2442092
5,2021-07-06,-0.5780000000000001,-0.47685714285714287,52.31428571428572,52.31428571428572,1966673.142857143,2306692
6,2021-07-05,-0.353,-0.4742857142857143,52.57142857142857,52.57142857142857,1972639.4285714286,1497714
7,2021-07-04,-0.45999999999999996,-0.5048571428571428,49.51428571428572,49.51428571428572,2081098.2857142857,1470325
1,2021-07-03,-0.405,-0.5081428571428571,49.18571428571429,49.18571428571429,2094109.4285714286,1543756
2,2021-07-02,-0.41000000000000003,-0.51,49,49,2138695.8571428573,2300302
3,2021-07-01,-0.5820000000000001,-0.5267142857142858,47.32857142857142,47.32857142857142,2179713.4285714286,2297059
4,2021-06-30,-0.55,-0.5218571428571429,47.81428571428571,47.81428571428571,2216945.5714285714,2350864
5,2021-06-29,-0.56,-0.5232857142857144,47.671428571428564,47.671428571428564,2245742.5714285714,2348456
6,2021-06-28,-0.567,-0.5251428571428571,47.48571428571429,47.48571428571429,2247323.285714286,2256926
7,2021-06-27,-0.483,-0.5271428571428571,47.285714285714285,47.285714285714285,2249043.714285714,1561403
1,2021-06-26,-0.41800000000000004,-0.5254285714285715,47.457142857142856,47.457142857142856,2224465,1855861
2,2021-06-25,-0.527,-0.53128571428571425,46.871428571428574,46.871428571428574,2214243.714285714,2587425
3,2021-06-24,-0.548,-0.5325714285714286,46.74285714285714,46.74285714285714,2212691.8571428573,2557684
4,2021-06-23,-0.56,-0.533,46.699999999999996,46.699999999999996,2212663.5714285714,2552443
5,2021-06-22,-0.573,-0.533,46.699999999999996,46.699999999999996,2208627.285714286,2359521
6,2021-06-21,-0.581,-0.5309999999999999,46.900000000000006,46.900000000000006,2225082.8571428573,2268969
7,2021-06-20,-0.471,-0.5325714285714286,46.74285714285714,46.74285714285714,2219143.1428571427,1389352
1,2021-06-19,-0.45899999999999996,-0.5235714285714286,47.64285714285714,47.64285714285714,2217801.285714286,1784312
2,2021-06-18,-0.536,-0.5215714285714286,47.84285714285714,47.84285714285714,2216547.8571428573,2576562
3,2021-06-17,-0.5509999999999999,-0.526,47.4,47.4,2201700.285714286,2557486
4,2021-06-16,-0.56,-0.5281428571428571,47.18571428571428,47.18571428571428,2190433.5714285714,2524189
5,2021-06-15,-0.5589999999999999,-0.533,46.699999999999996,46.699999999999996,2171351.1428571427,2474710
6,2021-06-14,-0.5920000000000001,-0.5397142857142857,46.02857142857143,46.02857142857143,2142128.5714285714,2227391
7,2021-06-13,-0.40800000000000003,-0.5377142857142857,46.22857142857143,46.22857142857143,2142160.285714286,1379959
1,2021-06-12,-0.44499999999999995,-0.5471428571428572,45.285714285714285,45.285714285714285,2139786.714285714,1775538
2,2021-06-11,-0.567,-0.5481428571428572,45.18571428571428,45.18571428571428,2142167.5714285714,2472629
3,2021-06-10,-0.5660000000000001,-0.5517142857142857,44.82857142857143,44.82857142857143,2119554.8571428573,2478619
4,2021-06-09,-0.594,-0.5578571428571428,44.214285714285715,44.214285714285715,2085228.7142857143,2390612
5,2021-06-08,-0.606,-0.5575714285714286,44.24285714285714,44.24285714285714,2079215.142857143,2270152
6,2021-06-07,-0.5780000000000001,-0.5554285714285714,44.45714285714286,44.45714285714286,2078270,2227613
7,2021-06-06,-0.474,-0.5394285714285714,46.057142857142864,46.057142857142864,1958797,1363344
1,2021-06-05,-0.45199999999999996,-0.5544285714285714,44.557142857142864,44.557142857142864,1916338.142857143,1792204
2,2021-06-04,-0.5920000000000001,-0.571,42.900000000000006,42.900000000000006,1856232.857142857,2314340
3,2021-06-03,-0.609,-0.5738571428571427,42.61428571428573,42.61428571428573,1845133.7142857143,2238336
4,2021-06-02,-0.5920000000000001,-0.5711428571428572,42.885714285714286,42.885714285714286,1862034,2348517
5,2021-06-01,-0.591,-0.5722857142857143,42.77142857142857,42.77142857142857,1852290.2857142857,2263536
6,2021-05-31,-0.46599999999999997,-0.5708571428571428,42.91428571428572,42.91428571428572,1854017.7142857143,1391302
7,2021-05-30,-0.579,-0.5924285714285714,40.75714285714286,40.75714285714286,1958564.4285714286,1066132
1,2021-05-29,-0.5680000000000001,-0.5812857142857143,41.871428571428574,41.871428571428574,1987729.2857142857,1371467
2,2021-05-28,-0.612,-0.5648571428571428,43.51428571428572,43.51428571428572,2027099,2236646
3,2021-05-27,-0.5900000000000001,-0.5587142857142856,44.12857142857144,44.12857142857144,2041312.4285714286,2356638
4,2021-05-26,-0.6,-0.5601428571428572,43.98571428571428,43.98571428571428,2029494.4285714286,2280311
5,2021-05-25,-0.581,-0.5624285714285714,43.75714285714286,43.75714285714286,2026866.5714285714,2275628
6,2021-05-24,-0.617,-0.5697142857142856,43.02857142857144,43.02857142857144,2009544,2123129
7,2021-05-23,-0.501,-0.5725714285714286,42.74285714285714,42.74285714285714,1995750.4285714286,1270286
1,2021-05-22,-0.45299999999999996,-0.5784285714285714,42.15714285714286,42.15714285714286,1985983.5714285714,1647055
2,2021-05-21,-0.569,-0.5878571428571429,41.214285714285715,41.214285714285715,1984581.7142857143,2336140
3,2021-05-20,-0.6,-0.5928571428571429,40.714285714285715,40.714285714285715,1975267,2273912
4,2021-05-19,-0.616,-0.5977142857142858,40.22857142857143,40.22857142857143,1960017.2857142857,2261916
5,2021-05-18,-0.632,-0.5995714285714285,40.042857142857144,40.042857142857144,1949239.2857142857,2154370
6,2021-05-17,-0.637,-0.5988571428571429,40.114285714285714,40.114285714285714,1948979.142857143,2026574
7,2021-05-16,-0.542,-0.5984285714285714,40.15714285714286,40.15714285714286,1944309.857142857,1201918
1,2021-05-15,-0.519,-0.5874285714285714,41.25714285714286,41.25714285714286,1930997.857142857,1637242
2,2021-05-14,-0.604,-0.592,40.800000000000004,40.800000000000004,1903488.142857143,2270937
3,2021-05-13,-0.634,-0.5917142857142856,40.828571428571436,40.828571428571436,1899334.2857142857,2167164
4,2021-05-12,-0.629,-0.5905714285714285,40.94285714285715,40.94285714285715,1904612.4285714286,2186470
5,2021-05-11,-0.627,-0.593,40.7,40.7,1889173,2152549
6,2021-05-10,-0.634,-0.5941428571428571,40.58571428571429,40.58571428571429,1885130.5714285714,1993889
7,2021-05-09,-0.46499999999999997,-0.5964285714285714,40.35714285714286,40.35714285714286,1882397,1108734
1,2021-05-08,-0.5509999999999999,-0.6021428571428571,39.78571428571429,39.78571428571429,1888788,1444674
2,2021-05-07,-0.602,-0.5992857142857143,40.07142857142857,40.07142857142857,1898864.7142857143,2241860
3,2021-05-06,-0.626,-0.6022857142857143,39.77142857142857,39.77142857142857,1887624,2204111
4,2021-05-05,-0.646,-0.6064285714285714,39.357142857142854,39.357142857142854,1863094.5714285714,2078394
5,2021-05-04,-0.635,-0.6044285714285714,39.55714285714286,39.55714285714286,1871869.7142857143,2124252
6,2021-05-03,-0.65,-0.6058571428571428,39.414285714285725,39.414285714285725,1860650.5714285714,1974754
7,2021-05-02,-0.505,-0.6055714285714285,39.44285714285714,39.44285714285714,1858418.7142857143,1153471
1,2021-05-01,-0.531,-0.6181428571428571,38.18571428571429,38.18571428571429,1834355.2857142857,1515211
2,2021-04-30,-0.623,-0.6187142857142857,38.12857142857143,38.12857142857143,1835047.5714285714,2163175
3,2021-04-29,-0.655,-0.6124285714285714,38.75714285714286,38.75714285714286,1829606.4285714286,2032405
4,2021-04-28,-0.632,-0.6082857142857143,39.17142857142857,39.17142857142857,1831272.7142857143,2139820
5,2021-04-27,-0.645,-0.6091428571428571,39.08571428571429,39.08571428571429,1806971.2857142857,2045718
6,2021-04-26,-0.648,-0.6049999999999999,39.500000000000014,39.500000000000014,1812815.857142857,1959131
7,2021-04-25,-0.593,-0.5999999999999999,40.000000000000014,40.000000000000014,1806505.7142857143,985027
1,2021-04-24,-0.5349999999999999,-0.5957142857142858,40.42857142857142,40.42857142857142,1820430.857142857,1520057
2,2021-04-23,-0.579,-0.6001428571428571,39.985714285714295,39.985714285714295,1806856.4285714286,2125087
3,2021-04-22,-0.626,-0.6082857142857143,39.17142857142857,39.17142857142857,1800765,2044069
4,2021-04-21,-0.638,-0.6154285714285714,38.457142857142856,38.457142857142856,1781658.857142857,1969710
5,2021-04-20,-0.616,-0.6188571428571429,38.114285714285714,38.114285714285714,1789119.7142857143,2086630
6,2021-04-19,-0.613,-0.6251428571428571,37.48571428571429,37.48571428571429,1779034,1914960
7,2021-04-18,-0.563,-0.6328571428571428,36.71428571428572,36.71428571428572,1769647.4285714286,1082503
1,2021-04-17,-0.5660000000000001,-0.6432857142857143,35.671428571428564,35.671428571428564,1743670.7142857143,1425036
2,2021-04-16,-0.636,-0.6447142857142857,35.52857142857143,35.52857142857143,1739057.7142857143,2082447
3,2021-04-15,-0.6759999999999999,-0.646,35.4,35.4,1731623.857142857,1910326
4,2021-04-14,-0.6619999999999999,-0.6428571428571429,35.71428571428571,35.71428571428571,1746906.7142857143,2021936
5,2021-04-13,-0.6599999999999999,-0.6427142857142857,35.728571428571435,35.728571428571435,1742227.142857143,2016030
6,2021-04-12,-0.667,-0.643,35.699999999999996,35.699999999999996,1732233,1849254
7,2021-04-11,-0.636,-0.6437142857142858,35.62857142857142,35.62857142857142,1728358.7142857143,900666
1,2021-04-10,-0.5760000000000001,-0.6377142857142857,36.228571428571435,36.228571428571435,1735586.4285714286,1392745
2,2021-04-09,-0.645,-0.6317142857142857,36.828571428571436,36.828571428571436,1725189.142857143,2030410
3,2021-04-08,-0.654,-0.6295714285714286,37.042857142857144,37.042857142857144,1686668.857142857,2017306
4,2021-04-07,-0.661,-0.6344285714285715,36.55714285714286,36.55714285714286,1662089.2857142857,1989179
5,2021-04-06,-0.6619999999999999,-0.6388571428571428,36.11428571428572,36.11428571428572,1636788.2857142857,1946071
6,2021-04-05,-0.6719999999999999,-0.6404285714285713,35.95714285714286,35.95714285714286,1628112.857142857,1822134
7,2021-04-04,-0.594,-0.6424285714285715,35.75714285714285,35.75714285714285,1617170.857142857,951260
1,2021-04-03,-0.534,-0.6494285714285714,35.057142857142864,35.057142857142864,1596597.5714285714,1319964
2,2021-04-02,-0.63,-0.6555714285714285,34.44285714285715,34.44285714285715,1604355,1760768
3,2021-04-01,-0.688,-0.6588571428571429,34.11428571428571,34.11428571428571,1630214.142857143,1845249
4,2021-03-31,-0.692,-0.6558571428571429,34.41428571428571,34.41428571428571,1642252.142857143,1812072
5,2021-03-30,-0.673,-0.6541428571428571,34.58571428571429,34.58571428571429,1645050.7142857143,1885343
6,2021-03-29,-0.6859999999999999,-0.6535714285714286,34.64285714285714,34.64285714285714,1644759,1745540
7,2021-03-28,-0.643,-0.6508571428571429,34.91428571428571,34.91428571428571,1653265.2857142857,807247
1,2021-03-27,-0.577,-0.642,35.8,35.8,1682713.7142857143,1374266
2,2021-03-26,-0.653,-0.6407142857142858,35.92857142857142,35.92857142857142,1673161.857142857,1941782
3,2021-03-25,-0.667,-0.6407142857142858,35.92857142857142,35.92857142857142,1668633,1929515
4,2021-03-24,-0.6799999999999999,-0.6427142857142857,35.728571428571435,35.728571428571435,1646470.142857143,1831662
5,2021-03-23,-0.669,-0.6415714285714286,35.84285714285714,35.84285714285714,1651929.7142857143,1883301
6,2021-03-22,-0.667,-0.6431428571428571,35.68571428571429,35.68571428571429,1640269.857142857,1805084
7,2021-03-21,-0.581,-0.6448571428571429,35.51428571428571,35.51428571428571,1630013.2857142857,1013386
1,2021-03-20,-0.5680000000000001,-0.6505714285714286,34.94285714285714,34.94285714285714,1617239.2857142857,1307403
2,2021-03-19,-0.653,-0.6559999999999999,34.400000000000006,34.400000000000006,1610092,1910080
3,2021-03-18,-0.681,-0.657,34.3,34.3,1611219.4285714286,1774375
4,2021-03-17,-0.6719999999999999,-0.65628571428571425,34.371428571428574,34.371428571428574,1627106.4285714286,1869879
5,2021-03-16,-0.6799999999999999,-0.6574285714285714,34.25714285714287,34.25714285714287,1624652.5714285714,1801682
6,2021-03-15,-0.679,-0.6575714285714286,34.24285714285714,34.24285714285714,1629793.7142857143,1733288
7,2021-03-14,-0.621,-0.6591428571428571,34.08571428571429,34.08571428571429,1628314,923968
1,2021-03-13,-0.606,-0.6528571428571428,34.71428571428572,34.71428571428572,1624058.142857143,1257372
2,2021-03-12,-0.6599999999999999,-0.6555714285714285,34.44285714285715,34.44285714285715,1611274.5714285714,1917972
3,2021-03-11,-0.6759999999999999,-0.658142857142857,34.1857142857143,34.1857142857143,1598590.7142857143,1885584
4,2021-03-10,-0.6799999999999999,-0.6595714285714286,34.042857142857144,34.042857142857144,1588107.2857142857,1852702
5,2021-03-09,-0.681,-0.6588571428571429,34.11428571428571,34.11428571428571,1587721.2857142857,1837670
6,2021-03-08,-0.69,-0.6607142857142857,33.92857142857143,33.92857142857143,1575623.142857143,1722930
7,2021-03-07,-0.577,-0.6487142857142857,35.12857142857143,35.12857142857143,1572291.2857142857,894177
1,2021-03-06,-0.625,-0.6575714285714286,34.24285714285714,34.24285714285714,1560415,1167887
2,2021-03-05,-0.6779999999999999,-0.6572857142857143,34.27142857142857,34.27142857142857,1547039.142857143,1829185
3,2021-03-04,-0.6859999999999999,-0.6559999999999999,34.400000000000006,34.400000000000006,1546608.5714285714,1812200
4,2021-03-03,-0.675,-0.6555714285714286,34.44285714285714,34.44285714285714,1545109.7142857143,1850000
5,2021-03-02,-0.694,-0.6559999999999999,34.400000000000006,34.400000000000006,1539374.2857142857,1752983
6,2021-03-01,-0.606,-0.6552857142857142,34.471428571428575,34.471428571428575,1536605.857142857,1699607
7,2021-02-28,-0.639,-0.6697142857142857,33.02857142857143,33.02857142857143,1520252.4285714286,811043
1,2021-02-27,-0.623,-0.6687142857142857,33.128571428571426,33.128571428571426,1523967.857142857,1074256
2,2021-02-26,-0.669,-0.6682857142857143,33.17142857142857,33.17142857142857,1529355.5714285714,1826171
3,2021-02-25,-0.683,-0.6722857142857144,32.771428571428565,32.771428571428565,1492578,1801708
4,2021-02-24,-0.6779999999999999,-0.6807142857142857,31.928571428571427,31.928571428571427,1432963.5714285714,1809852
5,2021-02-23,-0.6890000000000001,-0.6804285714285714,31.957142857142863,31.957142857142863,1422486,1733604
6,2021-02-22,-0.7070000000000001,-0.6795714285714285,32.04285714285715,32.04285714285715,1407791,1585133
7,2021-02-21,-0.632,-0.6669999999999999,33.300000000000004,33.300000000000004,1355680.142857143,837051
1,2021-02-20,-0.62,-0.6669999999999999,33.300000000000004,33.300000000000004,1358798.142857143,1111970
2,2021-02-19,-0.6970000000000001,-0.6651428571428571,33.48571428571429,33.48571428571429,1356125.4285714286,1568728
3,2021-02-18,-0.742,-0.6644285714285714,33.557142857142864,33.557142857142864,1376200.4285714286,1384407
4,2021-02-17,-0.6759999999999999,-0.658,34.199999999999996,34.199999999999996,1423828.5714285714,1736509
5,2021-02-16,-0.683,-0.6592857142857144,34.07142857142856,34.07142857142856,1426242.2857142857,1630739
6,2021-02-15,-0.619,-0.662,33.8,33.8,1431792.4285714286,1220357
7,2021-02-14,-0.632,-0.6728571428571428,32.714285714285715,32.714285714285715,1492145.4285714286,858877
1,2021-02-13,-0.607,-0.684,31.599999999999994,31.599999999999994,1462771.142857143,1093261
2,2021-02-12,-0.692,-0.6849999999999999,31.500000000000007,31.500000000000007,1470842,1709253
3,2021-02-11,-0.6970000000000001,-0.6838571428571428,31.614285714285717,31.614285714285717,1475824.4285714286,1717804
4,2021-02-10,-0.685,-0.682,31.799999999999994,31.799999999999994,1486025.857142857,1753405
5,2021-02-09,-0.702,-0.684142857142857,31.585714285714296,31.585714285714296,1479204.4285714286,1669590
6,2021-02-08,-0.6950000000000001,-0.701,29.900000000000006,29.900000000000006,1384620.4285714286,1642828
7,2021-02-07,-0.71,-0.729,27.1,27.1,1233385.5714285714,653257
1,2021-02-06,-0.614,-0.7242857142857143,27.57142857142857,27.57142857142857,1243416.4285714286,1149757
2,2021-02-05,-0.6839999999999999,-0.7325714285714285,26.742857142857147,26.742857142857147,1213940.5714285714,1744130
3,2021-02-04,-0.6839999999999999,-0.7377142857142857,26.228571428571435,26.228571428571435,1181111.4285714286,1789214
4,2021-02-03,-0.7,-0.7411428571428571,25.88571428571429,25.88571428571429,1161225.7142857143,1705655
5,2021-02-02,-0.8200000000000001,-0.7418571428571428,25.814285714285724,25.814285714285724,1155185.857142857,1007502
6,2021-02-01,-0.891,-0.7278571428571429,27.21428571428571,27.21428571428571,1233245.2857142857,584184
7,2021-01-31,-0.677,-0.7,30.000000000000004,30.000000000000004,1377746.7142857143,723473
1,2021-01-30,-0.6719999999999999,-0.7007142857142856,29.928571428571438,29.928571428571438,1380387.7142857143,943426
2,2021-01-29,-0.72,-0.6928571428571428,30.714285714285715,30.714285714285715,1388279,1514326
3,2021-01-28,-0.708,-0.688,31.200000000000006,31.200000000000006,1411257.4285714286,1650014
4,2021-01-27,-0.7050000000000001,-0.6862857142857142,31.371428571428584,31.371428571428584,1412126.857142857,1663376
5,2021-01-26,-0.722,-0.6868571428571428,31.314285714285717,31.314285714285717,1399935.7142857143,1553918
6,2021-01-25,-0.696,-0.6825714285714285,31.74285714285715,31.74285714285715,1412125,1595694
7,2021-01-24,-0.6819999999999999,-0.6687142857142857,33.128571428571426,33.128571428571426,1366900,741960
1,2021-01-23,-0.617,-0.6641428571428571,33.58571428571429,33.58571428571429,1374986.2857142857,998665
2,2021-01-22,-0.6859999999999999,-0.6641428571428571,33.58571428571429,33.58571428571429,1374119.7142857143,1675175
3,2021-01-21,-0.696,-0.6654285714285714,33.45714285714286,33.45714285714286,1367680.142857143,1656100
4,2021-01-20,-0.7090000000000001,-0.6661428571428571,33.385714285714286,33.385714285714286,1366898.7142857143,1578038
5,2021-01-19,-0.692,-0.6651428571428571,33.48571428571429,33.48571428571429,1376437.857142857,1639243
6,2021-01-18,-0.599,-0.6658571428571428,33.41428571428572,33.41428571428572,1377078.142857143,1279119
7,2021-01-17,-0.65,-0.6801428571428572,31.985714285714284,31.985714285714284,1418822.5714285714,798564
1,2021-01-16,-0.617,-0.6825714285714286,31.74285714285714,31.74285714285714,1413840.5714285714,992599
2,2021-01-15,-0.6950000000000001,-0.6901428571428572,30.985714285714284,30.985714285714284,1413643.2857142857,1630098
3,2021-01-14,-0.7010000000000001,-0.6912857142857144,30.87142857142856,30.87142857142856,1412523.4285714286,1650630
4,2021-01-13,-0.702,-0.6918571428571428,30.814285714285717,30.814285714285717,1407326,1644812
5,2021-01-12,-0.6970000000000001,-0.6920000000000001,30.799999999999994,30.799999999999994,1403337,1643725
6,2021-01-11,-0.6990000000000001,-0.693,30.700000000000006,30.700000000000006,1397220.5714285714,1571330
7,2021-01-10,-0.667,-0.6934285714285714,30.657142857142862,30.657142857142862,1395778.7142857143,763690
1,2021-01-09,-0.6699999999999999,-0.7000000000000001,29.999999999999993,29.999999999999993,1380096.5714285714,991218
2,2021-01-08,-0.7030000000000001,-0.6968571428571428,30.314285714285717,30.314285714285717,1379867.142857143,1622259
3,2021-01-07,-0.7050000000000001,-0.7012857142857143,29.87142857142857,29.87142857142857,1235901.142857143,1614248
4,2021-01-06,-0.7030000000000001,-0.6977142857142857,30.228571428571428,30.228571428571428,1187743.7142857143,1616889
5,2021-01-05,-0.704,-0.6878571428571428,31.214285714285715,31.214285714285715,1183256.142857143,1600910
6,2021-01-04,-0.702,-0.6787142857142856,32.12857142857144,32.12857142857144,1177168.2857142857,1561237
7,2021-01-03,-0.7130000000000001,-0.6714285714285715,32.857142857142854,32.857142857142854,1170305.142857143,653915
1,2021-01-02,-0.648,-0.6692857142857143,33.07142857142858,33.07142857142858,1185638.857142857,989612
2,2021-01-01,-0.734,-0.6792857142857143,32.07142857142857,32.07142857142857,1170006.2857142857,614497
3,2020-12-31,-0.6799999999999999,-0.6774285714285714,32.25714285714286,32.25714285714286,1151626.5714285714,1277146
4,2020-12-30,-0.634,-0.6717142857142857,32.82857142857143,32.82857142857143,1156985.142857143,1585476
5,2020-12-29,-0.64,-0.6705714285714286,32.94285714285714,32.94285714285714,1184165.4285714286,1558295
6,2020-12-28,-0.651,-0.6688571428571428,33.11428571428572,33.11428571428572,1213580.7142857143,1513195
7,2020-12-27,-0.698,-0.6669999999999999,33.300000000000004,33.300000000000004,1243021.2857142857,761251
1,2020-12-26,-0.718,-0.6661428571428571,33.385714285714286,33.385714285714286,1251699.857142857,880184
2,2020-12-25,-0.721,-0.6564285714285714,34.35714285714286,34.35714285714286,1284938.142857143,485839
3,2020-12-24,-0.64,-0.6524285714285715,34.75714285714285,34.75714285714285,1463922.142857143,1314656
4,2020-12-23,-0.626,-0.6769999999999999,32.300000000000004,32.300000000000004,1430604.2857142857,1775738
5,2020-12-22,-0.628,-0.6925714285714285,30.74285714285715,30.74285714285715,1401495.7142857143,1764202
6,2020-12-21,-0.638,-0.7008571428571428,29.914285714285715,29.914285714285715,1404715.5714285714,1719279
7,2020-12-20,-0.692,-0.713,28.700000000000003,28.700000000000003,1385828.2857142857,822001
1,2020-12-19,-0.65,-0.7107142857142856,28.928571428571438,28.928571428571438,1398616.5714285714,1112852
2,2020-12-18,-0.6930000000000001,-0.7155714285714285,28.442857142857147,28.442857142857147,1395548,1738727
3,2020-12-17,-0.812,-0.7162857142857142,28.37142857142858,28.37142857142858,1402811,1081431
4,2020-12-16,-0.735,-0.7017142857142857,29.828571428571426,29.828571428571426,1500418.2857142857,1571978
5,2020-12-15,-0.6859999999999999,-0.6985714285714285,30.14285714285715,30.14285714285715,1519444.142857143,1786741
6,2020-12-14,-0.723,-0.7062857142857143,29.37142857142857,29.37142857142857,1484778,1587068
7,2020-12-13,-0.6759999999999999,-0.7037142857142857,29.628571428571426,29.628571428571426,1495173.4285714286,911519
1,2020-12-12,-0.6839999999999999,-0.7030000000000001,29.699999999999992,29.699999999999992,1490567.5714285714,1091372
2,2020-12-11,-0.698,-0.7075714285714286,29.242857142857137,29.242857142857137,1477691,1789568
3,2020-12-10,-0.71,-0.7098571428571429,29.014285714285716,29.014285714285716,1465574,1764682
4,2020-12-09,-0.7130000000000001,-0.7102857142857143,28.97142857142857,28.97142857142857,1461958,1705159
5,2020-12-08,-0.74,-0.7105714285714286,28.942857142857136,28.942857142857136,1461684.5714285714,1544078
6,2020-12-07,-0.7050000000000001,-0.7058571428571428,29.414285714285715,29.414285714285715,1485356.2857142857,1659836
7,2020-12-06,-0.671,-0.7084285714285714,29.15714285714286,29.15714285714286,1457117.7142857143,879278
1,2020-12-05,-0.716,-0.6972857142857143,30.271428571428572,30.271428571428572,1449763.7142857143,1001236
2,2020-12-04,-0.714,-0.6848571428571429,31.514285714285705,31.514285714285705,1454448,1704749
3,2020-12-03,-0.7130000000000001,-0.6738571428571429,32.61428571428571,32.61428571428571,1391700.857142857,1739370
4,2020-12-02,-0.7150000000000001,-0.6708571428571428,32.91428571428572,32.91428571428572,1236522.7142857143,1703245
5,2020-12-01,-0.7070000000000001,-0.6658571428571428,33.41428571428572,33.41428571428572,1234829.5714285714,1709780
6,2020-11-30,-0.723,-0.6651428571428571,33.48571428571429,33.48571428571429,1239019.142857143,1462166
7,2020-11-29,-0.593,-0.6635714285714285,33.64285714285715,33.64285714285715,1265816.5714285714,827800
1,2020-11-28,-0.629,-0.6698571428571428,33.01428571428572,33.01428571428572,1264424.4285714286,1034026
2,2020-11-27,-0.637,-0.671,32.9,32.9,1282131.5714285714,1265519
3,2020-11-26,-0.692,-0.6784285714285714,32.15714285714286,32.15714285714286,1359042.5714285714,653123
4,2020-11-25,-0.6799999999999999,-0.6805714285714286,31.94285714285714,31.94285714285714,1517319.857142857,1691393
5,2020-11-24,-0.702,-0.6831428571428572,31.685714285714283,31.685714285714283,1531575.5714285714,1739107
6,2020-11-23,-0.712,-0.6822857142857143,31.771428571428572,31.771428571428572,1539193.2857142857,1649748
7,2020-11-22,-0.637,-0.679,32.099999999999994,32.099999999999994,1552841,818055
1,2020-11-21,-0.637,-0.6827142857142857,31.728571428571428,31.728571428571428,1553341,1157976
2,2020-11-20,-0.6890000000000001,-0.6808571428571428,31.914285714285718,31.914285714285718,1561557.4285714286,1803896
3,2020-11-19,-0.7070000000000001,-0.6809999999999999,31.900000000000006,31.900000000000006,1563861.5714285714,1761064
4,2020-11-18,-0.698,-0.6799999999999999,32.00000000000001,32.00000000000001,1566597,1791183
5,2020-11-17,-0.696,-0.6749999999999999,32.50000000000001,32.50000000000001,1541836.857142857,1792431
6,2020-11-16,-0.6890000000000001,-0.6732857142857143,32.67142857142857,32.67142857142857,1548739.5714285714,1745282
7,2020-11-15,-0.663,-0.6745714285714285,32.54285714285715,32.54285714285715,1550295.7142857143,821555
1,2020-11-14,-0.624,-0.6699999999999999,33.00000000000001,33.00000000000001,1565575.857142857,1215491
2,2020-11-13,-0.69,-0.6687142857142857,33.128571428571426,33.128571428571426,1569985.142857143,1820025
3,2020-11-12,-0.7,-0.668142857142857,33.1857142857143,33.1857142857143,1572961.5714285714,1780212
4,2020-11-11,-0.663,-0.6684285714285714,33.157142857142865,33.157142857142865,1575444,1617862
5,2020-11-10,-0.6839999999999999,-0.6764285714285714,32.35714285714286,32.35714285714286,1586311.857142857,1840750
6,2020-11-09,-0.698,-0.680142857142857,31.985714285714295,31.985714285714295,1552789.857142857,1756175
7,2020-11-08,-0.631,-0.6802857142857143,31.97142857142857,31.97142857142857,1552113.857142857,928516
1,2020-11-07,-0.615,-0.694,30.600000000000005,30.600000000000005,1531851.2857142857,1246356
2,2020-11-06,-0.6859999999999999,-0.699,30.100000000000005,30.100000000000005,1521526,1840860
3,2020-11-05,-0.702,-0.7014285714285714,29.85714285714286,29.85714285714286,1511587.142857143,1797589
4,2020-11-04,-0.719,-0.7017142857142857,29.828571428571426,29.828571428571426,1498876,1693937
5,2020-11-03,-0.71,-0.6985714285714285,30.14285714285715,30.14285714285715,1517317.5714285714,1606096
6,2020-11-02,-0.6990000000000001,-0.6965714285714286,30.342857142857138,30.342857142857138,1547715.857142857,1751443
7,2020-11-01,-0.727,-0.6975714285714286,30.242857142857137,30.242857142857137,1539521.142857143,786678
1,2020-10-31,-0.65,-0.679142857142857,32.085714285714296,32.085714285714296,1553567.2857142857,1174079
2,2020-10-30,-0.7030000000000001,-0.6784285714285714,32.15714285714286,32.15714285714286,1555214.857142857,1771288
3,2020-10-29,-0.704,-0.6762857142857143,32.371428571428574,32.371428571428574,1565926.2857142857,1708611
4,2020-10-28,-0.6970000000000001,-0.6758571428571428,32.41428571428572,32.41428571428572,1583144,1823028
5,2020-10-27,-0.696,-0.6762857142857143,32.371428571428574,32.371428571428574,1582253.857142857,1818884
6,2020-10-26,-0.706,-0.6758571428571428,32.41428571428572,32.41428571428572,1577283.2857142857,1694080
7,2020-10-25,-0.598,-0.6744285714285715,32.55714285714285,32.55714285714285,1581375.142857143,885001
1,2020-10-24,-0.645,-0.679142857142857,32.085714285714296,32.085714285714296,1583215.857142857,1185612
2,2020-10-23,-0.688,-0.6784285714285714,32.15714285714286,32.15714285714286,1586851.4285714286,1846268
3,2020-10-22,-0.7010000000000001,-0.6831428571428572,31.685714285714283,31.685714285714283,1562339.7142857143,1829135
4,2020-10-21,-0.7,-0.6822857142857143,31.771428571428572,31.771428571428572,1566437.857142857,1816797
5,2020-10-20,-0.6930000000000001,-0.6801428571428572,31.985714285714284,31.985714285714284,1570129.4285714286,1784090
6,2020-10-19,-0.696,-0.6822857142857143,31.771428571428572,31.771428571428572,1560809.857142857,1722723
7,2020-10-18,-0.631,-0.6825714285714285,31.74285714285715,31.74285714285715,1498548.2857142857,897886
1,2020-10-17,-0.64,-0.6897142857142857,31.02857142857143,31.02857142857143,1491638.5714285714,1211061
2,2020-10-16,-0.721,-0.6898571428571428,31.014285714285716,31.014285714285716,1486009.4285714286,1674686
3,2020-10-15,-0.6950000000000001,-0.6855714285714286,31.44285714285714,31.44285714285714,1505594.142857143,1857822
4,2020-10-14,-0.685,-0.6865714285714286,31.342857142857138,31.342857142857138,1497607.857142857,1842638
5,2020-10-13,-0.708,-0.6797142857142857,32.028571428571425,32.028571428571425,1487860.7142857143,1718853
6,2020-10-12,-0.698,-0.6774285714285714,32.25714285714286,32.25714285714286,1494070.2857142857,1286892
7,2020-10-11,-0.681,-0.6785714285714286,32.14285714285714,32.14285714285714,1550568.4285714286,849518
1,2020-10-10,-0.641,-0.6757142857142856,32.42857142857144,32.42857142857144,1551150.2857142857,1171657
2,2020-10-09,-0.6910000000000001,-0.6769999999999999,32.300000000000004,32.300000000000004,1550638.2857142857,1811779
3,2020-10-08,-0.702,-0.6784285714285714,32.15714285714286,32.15714285714286,1548127.142857143,1801918
4,2020-10-07,-0.637,-0.678,32.199999999999996,32.199999999999996,1549847.5714285714,1774408
5,2020-10-06,-0.692,-0.688,31.200000000000006,31.200000000000006,1545578.4285714286,1762320
6,2020-10-05,-0.706,-0.6861428571428572,31.385714285714283,31.385714285714283,1531660.7142857143,1682379
7,2020-10-04,-0.661,-0.6834285714285715,31.65714285714285,31.65714285714285,1504551,853591
1,2020-10-03,-0.65,-0.6842857142857143,31.571428571428573,31.571428571428573,1503492.857142857,1168073
2,2020-10-02,-0.7010000000000001,-0.6844285714285715,31.55714285714285,31.55714285714285,1496650.2857142857,1794201
3,2020-10-01,-0.6990000000000001,-0.6842857142857143,31.571428571428573,31.571428571428573,1492521.4285714286,1813961
4,2020-09-30,-0.7070000000000001,-0.6865714285714286,31.342857142857138,31.342857142857138,1479981.2857142857,1744524
5,2020-09-29,-0.679,-0.6874285714285715,31.25714285714285,31.25714285714285,1479198.2857142857,1664896
6,2020-09-28,-0.687,-0.692857142857143,30.714285714285705,30.714285714285705,1484545.2857142857,1492611
7,2020-09-27,-0.667,-0.6971428571428572,30.28571428571428,30.28571428571428,1503834.5714285714,846184
1,2020-09-26,-0.651,-0.6994285714285714,30.05714285714286,30.05714285714286,1501289,1120175
2,2020-09-25,-0.7,-0.7004285714285715,29.95714285714285,29.95714285714285,1503828,1765299
3,2020-09-24,-0.7150000000000001,-0.7020000000000001,29.799999999999994,29.799999999999994,1498615.2857142857,1726180
4,2020-09-23,-0.7130000000000001,-0.7025714285714286,29.742857142857137,29.742857142857137,1494301.7142857143,1739043
5,2020-09-22,-0.7170000000000001,-0.7032857142857143,29.67142857142857,29.67142857142857,1487353.4285714286,1702325
6,2020-09-21,-0.7170000000000001,-0.7034285714285714,29.65714285714286,29.65714285714286,1484417.5714285714,1627636
7,2020-09-20,-0.683,-0.7034285714285714,29.65714285714286,29.65714285714286,1481597.5714285714,828365
1,2020-09-19,-0.6579999999999999,-0.7042857142857143,29.57142857142857,29.57142857142857,1477080.2857142857,1137948
2,2020-09-18,-0.7110000000000001,-0.7037142857142857,29.628571428571426,29.628571428571426,1469334.4285714286,1728810
3,2020-09-17,-0.719,-0.7038571428571428,29.614285714285714,29.614285714285714,1464329.5714285714,1695985
4,2020-09-16,-0.718,-0.706857142857143,29.314285714285703,29.314285714285703,1443055.2857142857,1690405
5,2020-09-15,-0.718,-0.7084285714285714,29.15714285714286,29.15714285714286,1432092,1681774
6,2020-09-14,-0.7170000000000001,-0.7110000000000001,28.89999999999999,28.89999999999999,1414597.4285714286,1607896
7,2020-09-13,-0.6890000000000001,-0.6955714285714285,30.44285714285715,30.44285714285715,1309494.2857142857,796744
1,2020-09-12,-0.654,-0.6934285714285714,30.657142857142862,30.657142857142862,1312759.4285714286,1083727
2,2020-09-11,-0.712,-0.6978571428571428,30.214285714285715,30.214285714285715,1302762.142857143,1693776
3,2020-09-10,-0.74,-0.6991428571428572,30.085714285714282,30.085714285714282,1285298.857142857,1547065
4,2020-09-09,-0.729,-0.6982857142857143,30.17142857142857,30.17142857142857,1283219.857142857,1613662
5,2020-09-08,-0.736,-0.6982857142857143,30.17142857142857,30.17142857142857,1265719.7142857143,1559312
6,2020-09-07,-0.609,-0.6964285714285714,30.35714285714286,30.35714285714286,1253316.7142857143,872174
7,2020-09-06,-0.6739999999999999,-0.7145714285714285,28.542857142857148,28.542857142857148,1328784.4285714286,819600
1,2020-09-05,-0.685,-0.7182857142857142,28.17142857142858,28.17142857142858,1318682.4285714286,1013746
2,2020-09-04,-0.721,-0.7252857142857143,27.471428571428568,27.471428571428568,1284499.4285714286,1571533
3,2020-09-03,-0.734,-0.7247142857142856,27.528571428571436,27.528571428571436,1258751.7142857143,1532512
4,2020-09-02,-0.729,-0.7258571428571428,27.414285714285725,27.414285714285725,1234268.2857142857,1491161
5,2020-09-01,-0.723,-0.7258571428571428,27.414285714285725,27.414285714285725,1222766.857142857,1472491
6,2020-08-31,-0.736,-0.7284285714285714,27.15714285714286,27.15714285714286,1205173.142857143,1400448
7,2020-08-30,-0.7,-0.7277142857142856,27.228571428571435,27.228571428571435,1192266.4285714286,748886
1,2020-08-29,-0.734,-0.7294285714285714,27.057142857142857,27.057142857142857,1181310.2857142857,774465
2,2020-08-28,-0.7170000000000001,-0.724,27.6,27.6,1196871.4285714286,1391299
3,2020-08-27,-0.742,-0.7237142857142856,27.628571428571437,27.628571428571437,1196719,1361128
4,2020-08-26,-0.729,-0.721,27.900000000000002,27.900000000000002,1204193.4285714286,1410651
5,2020-08-25,-0.741,-0.7232857142857142,27.67142857142858,27.67142857142858,1187662,1349335
6,2020-08-24,-0.731,-0.7218571428571429,27.814285714285713,27.814285714285713,1190981,1310101
7,2020-08-23,-0.712,-0.7215714285714286,27.842857142857135,27.842857142857135,1190615.5714285714,672193
1,2020-08-22,-0.696,-0.7278571428571429,27.21428571428571,27.21428571428571,1173870.857142857,883393
2,2020-08-21,-0.7150000000000001,-0.7282857142857143,27.171428571428567,27.171428571428567,1170780.857142857,1390232
3,2020-08-20,-0.723,-0.7302857142857143,26.971428571428568,26.971428571428568,1166290.2857142857,1413449
4,2020-08-19,-0.745,-0.7351428571428571,26.48571428571429,26.48571428571429,1149261.5714285714,1294931
5,2020-08-18,-0.731,-0.7361428571428571,26.38571428571429,26.38571428571429,1150283.857142857,1372568
6,2020-08-17,-0.729,-0.7378571428571429,26.21428571428571,26.21428571428571,1143199.5714285714,1307543
7,2020-08-16,-0.756,-0.7402857142857143,25.971428571428568,25.971428571428568,1139016.7142857143,554980
1,2020-08-15,-0.6990000000000001,-0.7368571428571428,26.314285714285724,26.314285714285724,1154539.857142857,861763
2,2020-08-14,-0.729,-0.7404285714285714,25.957142857142856,25.957142857142856,1150587,1358798
3,2020-08-13,-0.757,-0.7435714285714285,25.642857142857146,25.642857142857146,1140278,1294248
4,2020-08-12,-0.752,-0.7431428571428571,25.68571428571429,25.68571428571429,1146502.4285714286,1302087
5,2020-08-11,-0.743,-0.7418571428571428,25.814285714285724,25.814285714285724,1153493.7142857143,1322978
6,2020-08-10,-0.746,-0.7511428571428571,24.88571428571429,24.88571428571429,1111452,1278263
7,2020-08-09,-0.732,-0.752,24.8,24.8,1111121.7142857143,663642
1,2020-08-08,-0.724,-0.7558571428571429,24.41428571428571,24.41428571428571,1100697.857142857,834093
2,2020-08-07,-0.751,-0.7552857142857142,24.47142857142858,24.47142857142858,1102023.4285714286,1286635
3,2020-08-06,-0.754,-0.7564285714285715,24.357142857142854,24.357142857142854,1098356.7142857143,1337819
4,2020-08-05,-0.743,-0.7582857142857142,24.171428571428578,24.171428571428578,1089085.142857143,1351026
5,2020-08-04,-0.808,-0.7604285714285715,23.957142857142856,23.957142857142856,1081635.7142857143,1028686
6,2020-08-03,-0.752,-0.755,24.5,24.5,1112452.7142857143,1275951
7,2020-08-02,-0.759,-0.7569999999999999,24.30000000000001,24.30000000000001,1102478.142857143,590675
1,2020-08-01,-0.72,-0.7558571428571429,24.41428571428571,24.41428571428571,1104874.857142857,843372
2,2020-07-31,-0.759,-0.7575714285714286,24.242857142857144,24.242857142857144,1101165,1260968
3,2020-07-30,-0.767,-0.7591428571428571,24.08571428571429,24.08571428571429,1095405.142857143,1272918
4,2020-07-29,-0.758,-0.7607142857142858,23.92857142857142,23.92857142857142,1090192.142857143,1298880
5,2020-07-28,-0.77,-0.7637142857142857,23.628571428571433,23.628571428571433,1081264.142857143,1244405
6,2020-07-27,-0.766,-0.7628571428571428,23.714285714285722,23.714285714285722,1081284,1206129
7,2020-07-26,-0.751,-0.7635714285714286,23.642857142857142,23.642857142857142,1074574.5714285714,607452
1,2020-07-25,-0.732,-0.7607142857142858,23.92857142857142,23.92857142857142,1071438.2857142857,817403
2,2020-07-24,-0.77,-0.7568571428571429,24.31428571428571,24.31428571428571,1066055.2857142857,1220649
3,2020-07-23,-0.778,-0.7565714285714286,24.342857142857145,24.342857142857145,1064490,1236427
4,2020-07-22,-0.779,-0.7552857142857142,24.47142857142858,24.47142857142858,1066698.142857143,1236384
5,2020-07-21,-0.764,-0.7542857142857143,24.571428571428566,24.571428571428566,1068809.5714285714,1244544
6,2020-07-20,-0.771,-0.756,24.4,24.4,1068696,1159163
7,2020-07-19,-0.731,-0.757,24.3,24.3,1071416.142857143,585498
1,2020-07-18,-0.7050000000000001,-0.7585714285714287,24.14285714285713,24.14285714285713,1077619,779722
2,2020-07-17,-0.768,-0.768,23.2,23.2,1065342.857142857,1209692
3,2020-07-16,-0.769,-0.7738571428571428,22.61428571428572,22.61428571428572,1040065.2857142857,1251884
4,2020-07-15,-0.772,-0.7752857142857142,22.471428571428575,22.471428571428575,1034632,1251164
5,2020-07-14,-0.776,-0.7777142857142857,22.22857142857143,22.22857142857143,1023713.2857142857,1243749
6,2020-07-13,-0.778,-0.7794285714285714,22.057142857142864,22.057142857142864,1011690.2857142857,1178204
7,2020-07-12,-0.742,-0.7808571428571429,21.914285714285707,21.914285714285707,998686.5714285715,628918
1,2020-07-11,-0.771,-0.7847142857142858,21.528571428571418,21.528571428571418,985158.2857142857,693789
2,2020-07-10,-0.8089999999999999,-0.7848571428571428,21.51428571428572,21.51428571428572,970659.1428571428,1032749
3,2020-07-09,-0.779,-0.7674285714285715,23.257142857142853,23.257142857142853,944982.8571428572,1213851
4,2020-07-08,-0.789,-0.767,23.299999999999997,23.299999999999997,939125.2857142857,1174733
5,2020-07-07,-0.788,-0.7664285714285715,23.357142857142854,23.357142857142854,931712.2857142857,1159588
6,2020-07-06,-0.788,-0.7668571428571429,23.31428571428571,23.31428571428571,925415.4285714285,1087178
7,2020-07-05,-0.769,-0.7668571428571429,23.31428571428571,23.31428571428571,927688,534220
1,2020-07-04,-0.772,-0.7745714285714286,22.54285714285714,22.54285714285714,928012,592295
2,2020-07-03,-0.687,-0.7795714285714286,22.04285714285714,22.04285714285714,931410.4285714285,853015
3,2020-07-02,-0.776,-0.7954285714285714,20.457142857142863,20.457142857142863,967336.4285714285,1172848
4,2020-07-01,-0.785,-0.8001428571428572,19.985714285714284,19.985714285714284,954216.1428571428,1122842
5,2020-06-30,-0.791,-0.8044285714285715,19.55714285714285,19.55714285714285,946742.5714285715,1115510
6,2020-06-29,-0.788,-0.807142857142857,19.285714285714295,19.285714285714295,937813.2857142857,1103086
7,2020-06-28,-0.823,-0.8109999999999999,18.900000000000006,18.900000000000006,923382.8571428572,536488
1,2020-06-27,-0.8069999999999999,-0.8118571428571428,18.814285714285717,18.814285714285717,910955.5714285715,616084
2,2020-06-26,-0.798,-0.8145714285714286,18.542857142857137,18.542857142857137,905243.1428571428,1104497
3,2020-06-25,-0.8089999999999999,-0.818,18.200000000000006,18.200000000000006,888697.8571428572,1081006
4,2020-06-24,-0.815,-0.8215714285714285,17.84285714285715,17.84285714285715,869171,1070527
5,2020-06-23,-0.81,-0.8242857142857142,17.571428571428584,17.571428571428584,851998.2857142857,1053005
6,2020-06-22,-0.815,-0.8275714285714286,17.242857142857137,17.242857142857137,835075.4285714285,1002073
7,2020-06-21,-0.829,-0.8304285714285714,16.95714285714286,16.95714285714286,820340,449497
1,2020-06-20,-0.8260000000000001,-0.8284285714285714,17.15714285714286,17.15714285714286,817618.4285714285,576097
2,2020-06-19,-0.8220000000000001,-0.829,17.100000000000005,17.100000000000005,813223.5714285715,988680
3,2020-06-18,-0.834,-0.832,16.800000000000004,16.800000000000004,800314.1428571428,944318
4,2020-06-17,-0.834,-0.8351428571428572,16.48571428571428,16.48571428571428,782536.2857142857,950318
5,2020-06-16,-0.833,-0.838,16.200000000000003,16.200000000000003,769459.7142857143,934545
6,2020-06-15,-0.835,-0.8408571428571427,15.914285714285725,15.914285714285725,756520.1428571428,898925
7,2020-06-14,-0.815,-0.8425714285714285,15.742857142857147,15.742857142857147,743264.8571428572,430446
1,2020-06-13,-0.83,-0.8481428571428571,15.18571428571429,15.18571428571429,735784.7142857143,545333
2,2020-06-12,-0.843,-0.8521428571428571,14.785714285714292,14.785714285714292,724195.2857142857,898314
3,2020-06-11,-0.856,-0.8568571428571428,14.314285714285724,14.314285714285724,696554,819873
4,2020-06-10,-0.854,-0.8592857142857142,14.07142857142858,14.07142857142858,683431.8571428572,858782
5,2020-06-09,-0.853,-0.8631428571428571,13.68571428571429,13.68571428571429,658325.4285714285,843968
6,2020-06-08,-0.847,-0.8661428571428571,13.38571428571429,13.38571428571429,637083.7142857143,806138
7,2020-06-07,-0.854,-0.8702857142857142,12.971428571428579,12.971428571428579,620281.1428571428,378085
1,2020-06-06,-0.858,-0.8717142857142858,12.828571428571422,12.828571428571422,615473,464207
2,2020-06-05,-0.876,-0.8727142857142857,12.728571428571433,12.728571428571433,610122.7142857143,704825
3,2020-06-04,-0.873,-0.8741428571428571,12.585714285714289,12.585714285714289,603483.8571428572,728018
4,2020-06-03,-0.881,-0.8758571428571429,12.414285714285711,12.414285714285711,593659.5714285715,683037
5,2020-06-02,-0.874,-0.8758571428571429,12.414285714285711,12.414285714285711,592612.1428571428,695276
6,2020-06-01,-0.876,-0.8765714285714286,12.342857142857145,12.342857142857145,587278.2857142857,688520
7,2020-05-31,-0.864,-0.8727142857142857,12.728571428571433,12.728571428571433,545255.2857142857,344428
1,2020-05-30,-0.865,-0.8741428571428571,12.585714285714289,12.585714285714289,541819.2857142857,426755
2,2020-05-29,-0.886,-0.8774285714285713,12.257142857142867,12.257142857142867,528890,658353
3,2020-05-28,-0.885,-0.877,12.3,12.3,525543.7142857143,659248
4,2020-05-27,-0.881,-0.8775714285714286,12.242857142857144,12.242857142857144,521417.85714285716,675705
5,2020-05-26,-0.879,-0.8794285714285713,12.057142857142866,12.057142857142866,514144.71428571426,657939
6,2020-05-25,-0.849,-0.8818571428571429,11.81428571428571,11.81428571428571,507575,394359
7,2020-05-24,-0.874,-0.8881428571428571,11.185714285714287,11.185714285714287,536453,320376
1,2020-05-23,-0.888,-0.8904285714285713,10.957142857142866,10.957142857142866,531792.8571428572,336250
2,2020-05-22,-0.883,-0.8912857142857142,10.871428571428577,10.871428571428577,535375.5714285715,634929
3,2020-05-21,-0.889,-0.8932857142857143,10.671428571428565,10.671428571428565,528783.4285714285,630367
4,2020-05-20,-0.894,-0.8954285714285714,10.457142857142864,10.457142857142864,519918.85714285716,624793
5,2020-05-19,-0.896,-0.8968571428571429,10.31428571428571,10.31428571428571,511567.4285714286,611951
6,2020-05-18,-0.893,-0.8979999999999999,10.20000000000001,10.20000000000001,503329.5714285714,596505
7,2020-05-17,-0.89,-0.8995714285714286,10.042857142857143,10.042857142857143,492643.4285714286,287755
1,2020-05-16,-0.894,-0.8965714285714286,10.342857142857142,10.342857142857142,490443.14285714284,361329
2,2020-05-15,-0.897,-0.8975714285714286,10.242857142857142,10.242857142857142,484163.5714285714,588784
3,2020-05-14,-0.904,-0.899,10.099999999999998,10.099999999999998,475318,568315
4,2020-05-13,-0.904,-0.8997142857142857,10.028571428571432,10.028571428571432,470702,566333
5,2020-05-12,-0.904,-0.901,9.899999999999999,9.899999999999999,462603.85714285716,554286
6,2020-05-11,-0.904,-0.9018571428571428,9.81428571428572,9.81428571428572,458131.4285714286,521702
7,2020-05-10,-0.869,-0.9025714285714285,9.742857142857153,9.742857142857153,456854.4285714286,272353
1,2020-05-09,-0.901,-0.9054285714285715,9.457142857142852,9.457142857142852,454975.28571428574,317372
2,2020-05-08,-0.907,-0.9051428571428571,9.485714285714286,9.485714285714286,456258.4285714286,526865
3,2020-05-07,-0.909,-0.9061428571428571,9.385714285714286,9.385714285714286,451750.85714285716,536003
4,2020-05-06,-0.913,-0.9078571428571429,9.214285714285708,9.214285714285708,441840.85714285716,509646
5,2020-05-05,-0.91,-0.9085714285714286,9.142857142857142,9.142857142857142,437404.14285714284,522979
6,2020-05-04,-0.909,-0.9092857142857144,9.071428571428564,9.071428571428564,432703.28571428574,512763
7,2020-05-03,-0.889,-0.9104285714285715,8.957142857142852,8.957142857142852,425694.28571428574,259199
1,2020-05-02,-0.899,-0.9132857142857143,8.671428571428574,8.671428571428574,419965.28571428574,326354
2,2020-05-01,-0.914,-0.9147142857142858,8.528571428571418,8.528571428571418,415605.5714285714,495312
3,2020-04-30,-0.921,-0.9144285714285714,8.557142857142864,8.557142857142864,408367.28571428574,466633
4,2020-04-29,-0.918,-0.9138571428571429,8.614285714285707,8.614285714285707,406605.4285714286,478589
5,2020-04-28,-0.915,-0.9134285714285715,8.657142857142851,8.657142857142851,403889,490073
6,2020-04-27,-0.917,-0.9144285714285714,8.557142857142864,8.557142857142864,394287.14285714284,463700
7,2020-04-26,-0.909,-0.9135714285714286,8.64285714285714,8.64285714285714,390704.5714285714,219096
1,2020-04-25,-0.909,-0.9128571428571429,8.714285714285708,8.714285714285708,391512.4285714286,295836
2,2020-04-24,-0.912,-0.913,8.699999999999996,8.699999999999996,385649,444644
3,2020-04-23,-0.917,-0.9125714285714286,8.74285714285714,8.74285714285714,384000.71428571426,454300
4,2020-04-22,-0.915,-0.9142857142857144,8.571428571428562,8.571428571428562,379245.4285714286,459574
5,2020-04-21,-0.922,-0.9164285714285715,8.357142857142852,8.357142857142852,373570.71428571426,422860
6,2020-04-20,-0.911,-0.9171428571428571,8.285714285714285,8.285714285714285,374725.85714285716,438622
7,2020-04-19,-0.904,-0.9205714285714286,7.94285714285714,7.94285714285714,364060,224751
1,2020-04-18,-0.91,-0.9228571428571428,7.714285714285718,7.714285714285718,360337.4285714286,254792
2,2020-04-17,-0.909,-0.9245714285714286,7.54285714285714,7.54285714285714,360719.5714285714,433106
3,2020-04-16,-0.929,-0.9275714285714286,7.24285714285714,7.24285714285714,356125.4285714286,421013
4,2020-04-15,-0.9299999999999999,-0.9277142857142857,7.228571428571429,7.228571428571429,353884.28571428574,419851
5,2020-04-14,-0.927,-0.9272857142857143,7.271428571428573,7.271428571428573,355077.85714285716,430946
6,2020-04-13,-0.935,-0.9268571428571428,7.314285714285718,7.314285714285718,355759.5714285714,363961
7,2020-04-12,-0.92,-0.9247142857142857,7.5285714285714285,7.5285714285714285,367518.4285714286,198693
1,2020-04-11,-0.922,-0.9231428571428572,7.685714285714285,7.685714285714285,371648.4285714286,257467
2,2020-04-10,-0.9299999999999999,-0.9219999999999999,7.800000000000007,7.800000000000007,375253.5714285714,400947
3,2020-04-09,-0.9299999999999999,-0.9198571428571428,8.014285714285718,8.014285714285718,387146.85714285716,405325
4,2020-04-08,-0.927,-0.9181428571428573,8.185714285714274,8.185714285714274,398738.71428571426,428206
5,2020-04-07,-0.924,-0.9161428571428571,8.385714285714286,8.385714285714286,411023.71428571426,435718
6,2020-04-06,-0.92,-0.9144285714285714,8.557142857142864,8.557142857142864,421513.85714285716,446273
7,2020-04-05,-0.909,-0.9118571428571428,8.814285714285718,8.814285714285718,435811.28571428574,227603
1,2020-04-04,-0.914,-0.9081428571428571,9.185714285714287,9.185714285714287,441027.85714285716,282703
2,2020-04-03,-0.915,-0.9058571428571429,9.414285714285707,9.414285714285707,448212.14285714284,484200
3,2020-04-02,-0.918,-0.9011428571428571,9.885714285714286,9.885714285714286,473085.28571428574,486468
4,2020-04-01,-0.913,-0.896,10.399999999999999,10.399999999999999,501007.4285714286,514201
5,2020-03-31,-0.912,-0.8911428571428571,10.885714285714288,10.885714285714288,526350.7142857143,509149
6,2020-03-30,-0.902,-0.885,11.5,11.5,559802.8571428572,546355
7,2020-03-29,-0.883,-0.8802857142857142,11.971428571428577,11.971428571428577,583343.2857142857,264119
1,2020-03-28,-0.898,-0.8728571428571428,12.714285714285722,12.714285714285722,604092.5714285715,332993
2,2020-03-27,-0.882,-0.8581428571428571,14.18571428571429,14.18571428571429,645188.1428571428,658312
3,2020-03-26,-0.882,-0.8408571428571429,15.914285714285715,15.914285714285715,738607.7142857143,681923
4,2020-03-25,-0.879,-0.8211428571428572,17.885714285714283,17.885714285714283,844842.1428571428,691604
5,2020-03-24,-0.869,-0.7975714285714286,20.24285714285714,20.24285714285714,978814.8571428572,743314
6,2020-03-23,-0.869,-0.7708571428571428,22.91428571428572,22.91428571428572,1128821.2857142857,711138
7,2020-03-22,-0.831,-0.7317142857142857,26.828571428571436,26.828571428571436,1339272.4285714286,409364
1,2020-03-21,-0.795,-0.6878571428571428,31.214285714285715,31.214285714285715,1446374.5714285714,620662
2,2020-03-20,-0.761,-0.6421428571428571,35.785714285714285,35.785714285714285,1596680,1312249
3,2020-03-19,-0.744,-0.5877142857142857,41.22857142857143,41.22857142857143,1908753.7142857143,1425564
4,2020-03-18,-0.714,-0.522,47.8,47.8,2299912.285714286,1629413
5,2020-03-17,-0.6819999999999999,-0.44642857142857145,55.35714285714286,55.35714285714286,2740347.8571428573,1793359
6,2020-03-16,-0.595,-0.37057142857142855,62.94285714285714,62.94285714285714,3181814.1428571427,2184296
7,2020-03-15,-0.524,-0.3004285714285714,69.95714285714286,69.95714285714286,3582576.8571428573,1159079
1,2020-03-14,-0.475,-0.225,77.5,77.5,3720183.8571428573,1672800
2,2020-03-13,-0.38,-0.17085714285714285,82.91428571428571,82.91428571428571,3883652.714285714,3496765
3,2020-03-12,-0.28400000000000003,-0.12857142857142856,87.14285714285714,87.14285714285714,4127648,4163674
4,2020-03-11,-0.18500000000000005,-0.09428571428571428,90.57142857142857,90.57142857142857,4320502.571428572,4712462
5,2020-03-10,-0.15100000000000002,-0.07242857142857141,92.75714285714287,92.75714285714287,4435285.857142857,4883623
6,2020-03-09,-0.10399999999999998,-0.05642857142857142,94.35714285714286,94.35714285714286,4523133.428571428,4989635
7,2020-03-08,0.0040000000000000036,-0.007428571428571403,99.25714285714285,99.25714285714285,4574193.428571428,2122328
1,2020-03-07,-0.09599999999999997,-0.009857142857142833,99.01428571428572,99.01428571428572,4587375.285714285,2817082
2,2020-03-06,-0.08399999999999996,NA,NA,NA,NA,5204732
3,2020-03-05,-0.04400000000000004,NA,NA,NA,NA,5513656
4,2020-03-04,-0.03200000000000003,NA,NA,NA,NA,5515945
5,2020-03-03,-0.039000000000000035,NA,NA,NA,NA,5498556
6,2020-03-02,0.2390000000000001,NA,NA,NA,NA,5347055
7,2020-03-01,-0.013000000000000012,NA,NA,NA,NA,2214601
