date,HOSPITALIZED_COUNT,rolling_seven,log_hosp,Covid-19 Hospitalizations Index Original,Covid-19 Hospitalizations Index
2022-11-12,108,130,2.1172712956557644,39.506534409835304,39.506534409835304
2022-11-11,145,132.71428571428572,2.1261778087238485,39.25206260789004,39.25206260789004
2022-11-10,146,130.71428571428572,2.1196328810393728,39.439060541732204,39.439060541732204
2022-11-09,121,130.14285714285714,2.117744641186986,39.493010251800406,39.493010251800406
2022-11-08,143,133.28571428571428,2.128029813585442,39.19914818327309,39.19914818327309
2022-11-07,144,133.57142857142858,2.1289528627786205,39.172775349182274,39.172775349182274
2022-11-06,103,134.28571428571428,2.1312519389890165,39.10708745745667,39.10708745745667
2022-11-05,129,139,2.146128035678238,38.682056123478915,38.682056123478915
2022-11-04,136,134.28571428571428,2.1312519389890165,39.10708745745667,39.10708745745667
2022-11-03,146,131,2.12057393120585,39.41217339411857,39.41217339411857
2022-11-02,145,126.71428571428572,2.106239478781661,39.82172917766683,39.82172917766683
2022-11-01,148,126.57142857142856,2.1057534188742895,39.83561660359173,39.83561660359173
2022-10-31,148,125.57142857142856,2.102335681872794,39.93326623220589,39.93326623220589
2022-10-30,121,123,2.093421685162235,40.18795185250757,40.18795185250757
2022-10-29,89,111.42857142857144,2.050876692344808,41.40352307586264,41.40352307586264
2022-10-28,106,115.28571428571428,2.065526364874944,40.98496100357302,40.98496100357302
2022-10-27,107,117.14285714285714,2.0724074695382897,40.788358013191726,40.788358013191726
2022-10-26,138,121.28571428571428,2.087375724662897,40.360693581060104,40.360693581060104
2022-10-25,121,122.28571428571428,2.090912755700953,40.25963555140135,40.25963555140135
2022-10-24,119,121.57142857142856,2.088389247834449,40.33173577615861,40.33173577615861
2022-10-23,100,119.85714285714286,2.0822723230247666,40.50650505643524,40.50650505643524
2022-10-22,116,114.42857142857144,2.0623133207603295,41.07676226399059,41.07676226399059
2022-10-21,115,111,2.0492180226701815,41.450913637994816,41.450913637994816
2022-10-20,130,110.85714285714286,2.0486637220436865,41.46675079875182,41.46675079875182
2022-10-19,144,108.71428571428572,2.0402631800172553,41.70676628522128,41.70676628522128
2022-10-18,114,102.71428571428572,2.0158385806858368,42.40461198040466,42.40461198040466
2022-10-17,106,99.85714285714286,2.003706661037547,42.75123825607008,42.75123825607008
2022-10-16,76,99.14285714285714,2.0006199779524017,42.839429201359955,42.839429201359955
2022-10-15,89,98.42857142857144,1.9975111995963053,42.928251440105555,42.928251440105555
2022-10-14,111,96,1.9867717342662448,43.23509330667872,43.23509330667872
2022-10-13,113,95,1.9822712330395684,43.36367905601233,43.36367905601233
2022-10-12,104,96.57142857142856,1.9893226636672756,43.162209609506405,43.162209609506405
2022-10-11,89,99.14285714285714,2.0006199779524017,42.839429201359955,42.839429201359955
2022-10-10,99,105.28571428571428,2.026474895531622,42.10071727052508,42.10071727052508
2022-10-09,84,108.28571428571428,2.0385633951393607,41.75533156744684,41.75533156744684
2022-10-08,58,99.71428571428572,2.003091076977142,42.76882637208166,42.76882637208166
2022-10-07,89,105,2.0253058652647704,42.13411813529227,42.13411813529227
2022-10-06,116,107,2.03342375548695,41.90217841465858,41.90217841465858
2022-10-05,115,102.57142857142856,2.0152399665567367,42.42171524123609,42.42171524123609
2022-10-04,124,102,2.012837224705172,42.49036500842366,42.49036500842366
2022-10-03,118,101,2.0086001717619175,42.61142366394522,42.61142366394522
2022-10-02,78,102,2.012837224705172,42.49036500842366,42.49036500842366
2022-10-01,66,87.42857142857143,1.9465926090058612,44.383068314118255,44.383068314118255
2022-09-30,80,86.42857142857143,1.9416533821313045,44.52418908196273,44.52418908196273
2022-09-29,63,87.57142857142857,1.947293649483997,44.36303858617151,44.36303858617151
2022-09-28,92,89.28571428571429,1.955619038268128,44.12517033519634,44.12517033519634
2022-09-27,106,88.42857142857143,1.9514762931961729,44.243534480109346,44.243534480109346
2022-09-26,112,86.14285714285714,1.9402317949965104,44.56480585724256,44.56480585724256
2022-09-25,93,79.71428571428571,1.9069504078051815,45.51570263413767,45.51570263413767
2022-09-24,60,73.57142857142857,1.8725724629880056,46.497929628914136,46.497929628914136
2022-09-23,81,73.71428571428571,1.8734036488530177,46.474181461342354,46.474181461342354
2022-09-22,74,72.71428571428571,1.8675516616129544,46.641381096772726,46.641381096772726
2022-09-21,82,73.85714285714286,1.8742332469694696,46.45047865801515,46.45047865801515
2022-09-20,88,75.57142857142857,1.8840667496785133,46.16952143775677,46.16952143775677
2022-09-19,66,76,1.8864907251724816,46.100264995071946,46.100264995071946
2022-09-18,64,78.42857142857143,1.8999767515678003,45.7149499552057,45.7149499552057
2022-09-17,54,75.71428571428571,1.8848762456852988,46.14639298042004,46.14639298042004
2022-09-16,70,77.85714285714286,1.896841037714942,45.804541779573086,45.804541779573086
2022-09-15,77,80.42857142857143,1.9107768156582343,45.40637669547901,45.40637669547901
2022-09-14,86,81.71428571428571,1.917580523713179,45.2119850367663,45.2119850367663
2022-09-13,86,82,1.919078092376074,45.1691973606836,45.1691973606836
2022-09-12,79,83.28571428571429,1.9257539716278873,44.978457953488935,44.978457953488935
2022-09-11,78,82.28571428571429,1.9205705147447576,45.12655672157836,45.12655672157836
2022-09-10,66,73.42857142857143,1.8717396832852675,46.521723334706635,46.521723334706635
2022-09-09,73,73.57142857142857,1.8725724629880056,46.497929628914136,46.497929628914136
2022-09-08,76,75.28571428571429,1.8824432170142995,46.21590808530572,46.21590808530572
2022-09-07,87,77.28571428571429,1.8936825184701125,45.89478518656822,45.89478518656822
2022-09-06,86,76.42857142857143,1.8889012465241304,46.03139295645342,46.03139295645342
2022-09-05,71,81.28571428571429,1.9153244434089551,45.27644447402984,45.27644447402984
2022-09-04,55,87.42857142857143,1.9465926090058612,44.383068314118255,44.383068314118255
2022-09-03,65,87.57142857142857,1.947293649483997,44.36303858617151,44.36303858617151
2022-09-02,82,90.14285714285714,1.9597226387069056,44.007924608374125,44.007924608374125
2022-09-01,89,95,1.9822712330395684,43.36367905601233,43.36367905601233
2022-08-31,81,96.85714285714286,1.9905925314781687,43.12592767205232,43.12592767205232
2022-08-30,113,103.57142857142856,2.019413041044135,42.302484541596144,42.302484541596144
2022-08-29,107,103.28571428571428,2.018224820106199,42.33643371125145,42.33643371125145
2022-08-28,76,107.14285714285714,2.033997839485816,41.885776014690975,41.885776014690975
2022-08-27,77,102.14285714285714,2.013439157555382,42.47316692698908,42.47316692698908
2022-08-26,101,104.14285714285714,2.021779774323242,42.23486359076452,42.23486359076452
2022-08-25,93,105.14285714285714,2.0258907737463185,42.117406464390896,42.117406464390896
2022-08-24,122,108.28571428571428,2.0385633951393607,41.75533156744684,41.75533156744684
2022-08-23,107,109.42857142857144,2.043081453904068,41.62624417416948,41.62624417416948
2022-08-22,134,112,2.0530784434834195,41.34061590047373,41.34061590047373
2022-08-21,81,114,2.060697840353612,41.12291884703966,41.12291884703966
2022-08-20,83,110.71428571428572,2.048108713045591,41.4826081986974,41.4826081986974
2022-08-19,97,111.42857142857144,2.050876692344808,41.40352307586264,41.40352307586264
2022-08-18,110,117.71428571428572,2.0745029837698543,40.72848617800416,40.72848617800416
2022-08-17,127,123.28571428571428,2.0944212126043618,40.15939392558966,40.15939392558966
2022-08-16,119,126.57142857142856,2.1057534188742895,39.83561660359173,39.83561660359173
2022-08-15,139,133,2.1271047983648077,39.22557718957693,39.22557718957693
2022-08-14,100,136,2.1367205671564067,38.950840938388374,38.950840938388374
2022-08-13,75,115.42857142857144,2.06605956872572,40.96972660783658,40.96972660783658
2022-08-12,108,118.28571428571428,2.076588435469345,40.66890184373299,40.66890184373299
2022-08-11,135,124.42857142857144,2.0983964758918456,40.0458149745187,40.0458149745187
2022-08-10,121,123.71428571428572,2.095916203691313,40.11667989453392,40.11667989453392
2022-08-09,134,126.57142857142856,2.1057534188742895,39.83561660359173,39.83561660359173
2022-08-08,134,127,2.1072099696478683,39.79400086720376,39.79400086720376
2022-08-07,101,128,2.110589710299249,39.69743684859289,39.69743684859289
2022-08-06,83,118.57142857142856,2.077627417979003,40.63921662917134,40.63921662917134
2022-08-05,136,122.71428571428572,2.09241985200309,40.21657565705458,40.21657565705458
2022-08-04,124,120.14285714285714,2.083297812242457,40.47720536450123,40.47720536450123
2022-08-03,124,117.85714285714286,2.075025286276467,40.7135632492438,40.7135632492438
2022-08-02,130,120.57142857142856,2.084831520070331,40.43338514084768,40.43338514084768
2022-08-01,131,123.42857142857144,2.0949201149934065,40.14513957161696,40.14513957161696
2022-07-31,102,130.42857142857142,2.118689787331298,39.466006076248625,39.466006076248625
2022-07-30,109,130.42857142857142,2.118689787331298,39.466006076248625,39.466006076248625
2022-07-29,113,134.57142857142858,2.132168172413036,39.08090935962755,39.08090935962755
2022-07-28,109,140.85714285714286,2.1518512084811245,38.5185369005393,38.5185369005393
2022-07-27,136,152.57142857142858,2.186310424237367,37.533987878932365,37.533987878932365
2022-07-26,147,160.42857142857142,2.207980403469163,36.91484561516677,36.91484561516677
2022-07-25,177,167.57142857142858,2.226783967291869,36.37760093451804,36.37760093451804
2022-07-24,122,171,2.2355284469075487,36.12775865978433,36.12775865978433
2022-07-23,101,152.85714285714286,2.1871176632837246,37.51092390617929,37.51092390617929
2022-07-22,130,159.14285714285714,2.204507572580716,37.01406935483668,37.01406935483668
2022-07-21,158,164.71428571428572,2.2193599492126617,36.589715736781095,36.589715736781095
2022-07-20,175,168,2.2278867046136734,36.346094153895045,36.346094153895045
2022-07-19,177,168.14285714285714,2.2282536623726443,36.33560964649588,36.33560964649588
2022-07-18,184,170.28571428571428,2.233721143084592,36.17939591186881,36.17939591186881
2022-07-17,145,171.42857142857142,2.236609230083092,36.09687914048308,36.09687914048308
2022-07-16,132,163.42857142857142,2.215977283615535,36.68636332527042,36.68636332527042
2022-07-15,160,163,2.214843848047698,36.7187471986372,36.7187471986372
2022-07-14,166,163.28571428571428,2.215599800339355,36.69714856173272,36.69714856173272
2022-07-13,170,167.14285714285714,2.2256784228291777,36.40918791916635,36.40918791916635
2022-07-12,185,168.85714285714286,2.2300838146044346,36.28331958273044,36.28331958273044
2022-07-11,184,166,2.2227164711475833,36.49381511006905,36.49381511006905
2022-07-10,147,156.42857142857142,2.1970835545015093,37.22618415709974,37.22618415709974
2022-07-09,107,122.28571428571428,2.090912755700953,40.25963555140135,40.25963555140135
2022-07-08,126,120.14285714285714,2.083297812242457,40.47720536450123,40.47720536450123
2022-07-07,148,119.28571428571428,2.0802140514853926,40.56531281470307,40.56531281470307
2022-07-06,129,118.14285714285714,2.076068010623482,40.68377112504338,40.68377112504338
2022-07-05,136,116.28571428571428,2.069245117105184,40.87871093985189,40.87871093985189
2022-07-04,104,111.42857142857144,2.050876692344808,41.40352307586264,41.40352307586264
2022-07-03,106,114.42857142857144,2.0623133207603295,41.07676226399059,41.07676226399059
2022-07-02,90,110.42857142857144,2.046996562676223,41.51438392353647,41.51438392353647
2022-07-01,110,111,2.0492180226701815,41.450913637994816,41.450913637994816
2022-06-30,135,115,2.0644579892269186,41.01548602208804,41.01548602208804
2022-06-29,105,111.57142857142856,2.0514281774752985,41.38776635784861,41.38776635784861
2022-06-28,100,116.57142857142856,2.070301795198013,40.84852013719963,40.84852013719963
2022-06-27,121,121.57142857142856,2.088389247834449,40.33173577615861,40.33173577615861
2022-06-26,112,120.71428571428572,2.085341554752443,40.41881272135876,40.41881272135876
2022-06-25,81,104,2.0211892990699383,42.25173431228748,42.25173431228748
2022-06-24,114,103.57142857142856,2.019413041044135,42.302484541596144,42.302484541596144
2022-06-23,93,101.71428571428572,2.0116308503686255,42.52483284661069,42.52483284661069
2022-06-22,121,105.57142857142856,2.027640787458412,42.0674060726168,42.0674060726168
2022-06-21,122,106.14285714285714,2.029963223377443,42.001050760644475,42.001050760644475
2022-06-20,109,105.42857142857144,2.027058232734036,42.08405049331326,42.08405049331326
2022-06-19,88,107.28571428571428,2.034571165617797,41.869395268062945,41.869395268062945
2022-06-18,65,97.42857142857144,1.993121181893369,43.05368051733232,43.05368051733232
2022-06-17,92,100.28571428571428,2.0055481951688097,42.69862299517687,42.69862299517687
2022-06-16,113,101,2.0086001717619175,42.61142366394522,42.61142366394522
2022-06-15,110,101.14285714285714,2.0092080017868237,42.59405709180504,42.59405709180504
2022-06-14,112,103.42857142857144,2.018819336943604,42.31944751589703,42.31944751589703
2022-06-13,113,100.28571428571428,2.0055481951688097,42.69862299517687,42.69862299517687
2022-06-12,77,100.28571428571428,2.0055481951688097,42.69862299517687,42.69862299517687
2022-06-11,67,87.57142857142857,1.947293649483997,44.36303858617151,44.36303858617151
2022-06-10,78,87.57142857142857,1.947293649483997,44.36303858617151,44.36303858617151
2022-06-09,95,89.71428571428571,1.9576756852777188,44.06640899206518,44.06640899206518
2022-06-08,113,90.85714285714286,1.9631129329099652,43.91105905971527,43.91105905971527
2022-06-07,79,89.42857142857143,1.9563056700030983,44.10555228562576,44.10555228562576
2022-06-06,102,95.71428571428572,1.9854906286708875,43.27169632368892,43.27169632368892
2022-06-05,79,95.71428571428572,1.9854906286708875,43.27169632368892,43.27169632368892
2022-06-04,51,78.42857142857143,1.8999767515678003,45.7149499552057,45.7149499552057
2022-06-03,72,79,1.9030899869919435,45.62600037165876,45.62600037165876
2022-06-02,78,80.14285714285714,1.909250295696762,45.44999155152109,45.44999155152109
2022-06-01,91,83.57142857142857,1.9272236667086629,44.93646666546678,44.93646666546678
2022-05-31,92,88.28571428571429,1.9507819773298185,44.2633720762909,44.2633720762909
2022-05-30,91,89.57142857142857,1.956991217867476,44.0859652037864,44.0859652037864
2022-05-29,74,95.57142857142856,1.984848655927379,43.290038402074885,43.290038402074885
2022-05-28,53,98.42857142857144,1.9975111995963053,42.928251440105555,42.928251440105555
2022-05-27,75,107.57142857142856,2.0357155522665344,41.83669850667045,41.83669850667045
2022-05-26,102,111.85714285714286,2.0525290512761845,41.35631282068045,41.35631282068045
2022-05-25,119,106,2.0293837776852097,42.01760635185116,42.01760635185116
2022-05-24,99,102.42857142857144,2.01464052618289,42.43884210906028,42.43884210906028
2022-05-23,132,103,2.0170333392987803,42.37047602003485,42.37047602003485
2022-05-22,109,99.42857142857144,2.001857285005567,42.80407757126952,42.80407757126952
2022-05-21,105,89.85714285714286,1.9583590756341571,44.04688355330981,44.04688355330981
2022-05-20,100,89.14285714285714,1.9549313192298776,44.144819450574936,44.144819450574936
2022-05-19,54,90.42857142857144,1.9610819339696304,43.96908760086771,43.96908760086771
2022-05-18,93,96.42857142857144,1.988686334642222,43.18039043879366,43.18039043879366
2022-05-17,99,97.14285714285714,1.9918586970452936,43.08975151299161,43.08975151299161
2022-05-16,107,96.57142857142856,1.9893226636672756,43.162209609506405,43.162209609506405
2022-05-15,71,95,1.9822712330395684,43.36367905601233,43.36367905601233
2022-05-14,98,91.57142857142856,1.9664769658563368,43.8149438326761,43.8149438326761
2022-05-13,105,88.57142857142857,1.9521695008164597,44.22372854810115,44.22372854810115
2022-05-12,93,84.57142857142857,1.9323287823750543,44.79060621785559,44.79060621785559
2022-05-11,98,85.14285714285714,1.9352192721258945,44.70802079640301,44.70802079640301
2022-05-10,89,82.71428571428571,1.922799576003834,45.06286925703332,45.06286925703332
2022-05-09,96,82.42857142857143,1.9213148070981427,45.10529122576735,45.10529122576735
2022-05-08,62,78,1.8976270912904416,45.78208310598739,45.78208310598739
2022-05-07,71,73.85714285714286,1.8742332469694696,46.45047865801515,46.45047865801515
2022-05-06,70,73.28571428571429,1.8709053036205423,46.54556275369879,46.54556275369879
2022-05-05,94,74.14285714285714,1.875887704139482,46.40320845315765,46.40320845315765
2022-05-04,77,72,1.863322860120456,46.762203996558405,46.762203996558405
2022-05-03,84,73.42857142857143,1.8717396832852675,46.521723334706635,46.521723334706635
2022-05-02,61,71.71428571428571,1.8616197423225016,46.81086450507138,46.81086450507138
2022-05-01,60,72,1.863322860120456,46.762203996558405,46.762203996558405
2022-04-30,65,65.85714285714286,1.8251478130598673,47.85291962686094,47.85291962686094
2022-04-29,71,64.14285714285714,1.813866802650178,48.17523420999491,48.17523420999491
2022-04-28,76,66.42857142857143,1.828843958619831,47.74731546800483,47.74731546800483
2022-04-27,77,64.28571428571429,1.8148181600555937,48.14805256984018,48.14805256984018
2022-04-26,71,59.857142857142854,1.7843115590884622,49.019669740329654,49.019669740329654
2022-04-25,56,58.142857142857146,1.7719023011066422,49.37421996838165,49.37421996838165
2022-04-24,45,58.42857142857143,1.7739952906124858,49.31442026821469,49.31442026821469
2022-04-23,49,55.714285714285715,1.7536924667488585,49.894500950032615,49.894500950032615
2022-04-22,81,54.42857142857143,1.7437336855799503,50.17903755485856,50.17903755485856
2022-04-21,61,50.714285714285715,1.7136105305189089,51.03969912803117,51.03969912803117
2022-04-20,40,48.714285714285715,1.696481203932324,51.529108459076454,51.529108459076454
2022-04-19,55,50.142857142857146,1.7087849866296176,51.17757181058236,51.17757181058236
2022-04-18,54,49,1.6989700043360187,51.457999876113746,51.457999876113746
2022-04-17,50,49.857142857142854,1.7063519579586184,51.247086915468046,51.247086915468046
2022-04-16,31,43.285714285714285,1.646263653820016,52.96389560514241,52.96389560514241
2022-04-15,49,45,1.662757831681574,52.492633380526456,52.492633380526456
2022-04-14,42,44.57142857142857,1.6586926430429243,52.60878162734501,52.60878162734501
2022-04-13,46,44.857142857142854,1.6614069923906152,52.53122878883957,52.53122878883957
2022-04-12,44,44.57142857142857,1.6586926430429243,52.60878162734501,52.60878162734501
2022-04-11,56,45.142857142857146,1.664104482316846,52.45415764809012,52.45415764809012
2022-04-10,35,42.57142857142857,1.639201799332529,53.16566287621346,53.16566287621346
2022-04-09,39,38.285714285714285,1.5942346538160057,54.45043846239983,54.45043846239983
2022-04-08,41,36.57142857142857,1.574857708475501,55.00406547212854,55.00406547212854
2022-04-07,39,35.714285714285715,1.5648350833170377,55.29042619094178,55.29042619094178
2022-04-06,43,36.142857142857146,1.5698753079565613,55.146419772669674,55.146419772669674
2022-04-05,45,35.857142857142854,1.5665216659489734,55.242238115743625,55.242238115743625
2022-04-04,35,33.714285714285715,1.5405082335840554,55.985479040455566,55.985479040455566
2022-04-03,26,33.285714285714285,1.5351132016973492,56.139622808647175,56.139622808647175
2022-04-02,25,29.571428571428573,1.485315733334934,57.56240761900189,57.56240761900189
2022-04-01,32,29.142857142857142,1.479184415283436,57.73758813475898,57.73758813475898
2022-03-31,37,30.285714285714285,1.4953460748258616,57.2758264335468,57.2758264335468
2022-03-30,34,28.285714285714285,1.4666558210414975,58.09554797024292,58.09554797024292
2022-03-29,29,26.714285714285715,1.442703689915969,58.77989457382945,58.77989457382945
2022-03-28,30,26.714285714285715,1.442703689915969,58.77989457382945,58.77989457382945
2022-03-27,20,26.142857142857142,1.4336555609385722,59.038412544612214,59.038412544612214
2022-03-26,16,23.57142857,1.390430407,60.27341695,60.27341695
2022-03-25,33,24.28571429,1.402875226,59.91785068,59.91785068
2022-03-24,21,23.71428571,1.392948063,60.20148391,60.20148391
2022-03-23,20,24.85714286,1.412580535,59.64055615,59.64055615
2022-03-22,27,25.57142857,1.424414904,59.30243131,59.30243131
2022-03-21,24,26,1.431363764,59.10389245,59.10389245
2022-03-20,24,27.28571429,1.45156715,58.52665285,58.52665285
2022-03-19,12,20.57142857,1.333878907,61.88917408,61.88917408
2022-03-18,22,21.42857143,1.350801612,61.40566822,61.40566822
2022-03-17,15,21.14285714,1.345233658,61.56475262,61.56475262
2022-03-16,19,22.71428571,1.375010048,60.71399863,60.71399863
2022-03-15,23,23.14285714,1.382788665,60.49175244,60.49175244
2022-03-14,31,22.28571429,1.367089564,60.94029816,60.94029816
2022-03-13,22,20.42857143,1.330993219,61.97162231,61.97162231
2022-03-12,16,18.28571429,1.285235728,63.27897919,63.27897919
2022-03-11,15,19.14285714,1.304121073,62.73939792,62.73939792
2022-03-10,22,21.85714286,1.359021943,61.17080164,61.17080164
2022-03-09,23,23.42857143,1.38789807,60.34576942,60.34576942
2022-03-08,16,24.57142857,1.407754991,59.77842883,59.77842883
2022-03-07,18,27.28571429,1.45156715,58.52665285,58.52665285
2022-03-06,18,29.28571429,1.481237821,57.6789194,57.6789194
2022-03-05,18,27.14285714,1.449368186,58.5894804,58.5894804
2022-03-04,24,27.28571429,1.45156715,58.52665285,58.52665285
2022-03-03,30,29.28571429,1.481237821,57.6789194,57.6789194
2022-03-02,28,30.57142857,1.499294234,57.1630219,57.1630219
2022-03-01,37,32,1.51851394,56.61388743,56.61388743
2022-02-28,32,33.85714286,1.542291786,55.93452039,55.93452039
2022-02-27,21,35,1.556302501,55.53421426,55.53421426
2022-02-26,19,36.28571429,1.571542467,55.09878665,55.09878665
2022-02-25,36,40.14285714,1.614294448,53.87730149,53.87730149
2022-02-24,36,42.57142857,1.639201799,53.16566288,53.16566288
2022-02-23,40,47.57142857,1.686380877,51.81768923,51.81768923
2022-02-22,50,51.14285714,1.717194824,50.93729073,50.93729073
2022-02-21,40,54.14285714,1.741489265,50.24316387,50.24316387
2022-02-20,33,58.71428571,1.776078242,49.25490738,49.25490738
2022-02-19,36,55.85714286,1.754785032,49.8632848,49.8632848
2022-02-18,50,60,1.785329835,48.99057614,48.99057614
2022-02-17,57,65.85714286,1.825147813,47.85291963,47.85291963
2022-02-16,60,69.42857143,1.847748879,47.20717488,47.20717488
2022-02-15,68,76,1.886490725,46.100265,46.100265
2022-02-14,66,83.42857143,1.926489441,44.95744455,44.95744455
2022-02-13,54,88.14285714,1.95008655,44.28324144,44.28324144
2022-02-12,60,93.85714286,1.977070039,43.51228459,43.51228459
2022-02-11,91,101.4285714,2.010421116,42.5593967,42.5593967
2022-02-10,81,108,2.037426498,41.78781434,41.78781434
2022-02-09,104,114,2.06069784,41.12291885,41.12291885
2022-02-08,123,120.4285714,2.084320886,40.44797469,40.44797469
2022-02-07,100,126.1428571,2.104291967,39.87737238,39.87737238
2022-02-06,98,139.5714286,2.147897058,38.63151262,38.63151262
2022-02-05,100,140.1428571,2.149658905,38.58117416,38.58117416
2022-02-04,115,145,2.164352856,38.16134698,38.16134698
2022-02-03,124,158.2857143,2.202176827,37.08066208,37.08066208
2022-02-02,148,179.1428571,2.255617047,35.55379867,35.55379867
2022-02-01,162,195.7142857,2.2938359,34.46183142,34.46183142
2022-01-31,194,219.2857143,2.342986334,33.05753332,33.05753332
2022-01-30,138,239.8571429,2.38175953,31.94972771,31.94972771
2022-01-29,117,234.5714286,2.372122616,32.22506812,32.22506812
2022-01-28,166,256.2857143,2.410415673,31.13098078,31.13098078
2022-01-27,239,283.7142857,2.454409259,29.87402118,29.87402118
2022-01-26,245,315.2857143,2.500079577,28.56915496,28.56915496
2022-01-25,310,339.8571429,2.532572399,27.64078859,27.64078859
2022-01-24,312,365.1428571,2.563650566,26.75284097,26.75284097
2022-01-23,253,396.2857143,2.599102949,25.73991575,25.73991575
2022-01-22,267,424.7142857,2.629118224,24.88233646,24.88233646
2022-01-21,357,458.2857143,2.662082937,23.94048751,23.94048751
2022-01-20,468,504,2.703291378,22.76310348,22.76310348
2022-01-19,421,538.1428571,2.731703856,21.95131841,21.95131841
2022-01-18,490,584.8571429,2.767791729,20.92023631,20.92023631
2022-01-17,540,623,2.79518459,20.13758315,20.13758315
2022-01-16,430,676.5714286,2.830955085,19.11556901,19.11556901
2022-01-15,491,704.7142857,2.848628909,18.6106026,18.6106026
2022-01-14,667,743,2.871572936,17.95505898,17.95505898
2022-01-13,693,759.8571429,2.881303122,17.67705365,17.67705365
2022-01-12,731,793.7142857,2.90021102,17.136828,17.136828
2022-01-11,742,843.8571429,2.92678328,16.37762057,16.37762057
2022-01-10,903,877.1428571,2.943565173,15.89813791,15.89813791
2022-01-09,706,905.4285714,2.957333586,15.50475467,15.50475467
2022-01-08,702,966.7142857,2.985747152,14.69293851,14.69293851
2022-01-07,762,988.2857143,2.995321738,14.41937892,14.41937892
2022-01-06,903,991.7142857,2.996824272,14.37644938,14.37644938
2022-01-05,1069,1005.857143,3.002967855,14.20091842,14.20091842
2022-01-04,963,982.7142857,2.992868978,14.48945776,14.48945776
2022-01-03,1094,963.4285714,2.984270068,14.73514092,14.73514092
2022-01-02,1274,943.8571429,2.975366151,14.98953856,14.98953856
2022-01-01,811,835.8571429,2.922651327,16.49567636,16.49567636
2021-12-31,758,804,2.90579588,16.97726056,16.97726056
2021-12-30,967,773.7142857,2.889141564,17.45309816,17.45309816
2021-12-29,872,726.7142857,2.861960901,18.22968855,18.22968855
2021-12-28,789,693.2857143,2.841538229,18.81319345,18.81319345
2021-12-27,935,639.2857143,2.806373812,19.81789108,19.81789108
2021-12-26,719,561.8571429,2.750398182,21.41719481,21.41719481
2021-12-25,581,500.4285714,2.700209076,22.85116924,22.85116924
2021-12-24,540,456.2857143,2.660187634,23.99463902,23.99463902
2021-12-23,627,418,2.622214023,25.07959934,25.07959934
2021-12-22,634,372.5714286,2.572373653,26.50360991,26.50360991
2021-12-21,409,312.1428571,2.49574251,28.69307115,28.69307115
2021-12-20,396,281,2.450249108,29.99288262,29.99288262
2021-12-19,316,251.7142857,2.402629793,31.35343449,31.35343449
2021-12-18,242,212.5714286,2.329543153,33.44162421,33.44162421
2021-12-17,249,195,2.292256071,34.50696939,34.50696939
2021-12-16,290,181.5714286,2.261432814,35.38763389,35.38763389
2021-12-15,207,157.2857143,2.19944172,37.15880799,37.15880799
2021-12-14,186,145.2857143,2.165201917,38.1370881,38.1370881
2021-12-13,187,136.7142857,2.138978994,38.88631446,38.88631446
2021-12-12,127,126.4285714,2.105266814,39.84951959,39.84951959
2021-12-11,119,122.5714286,2.091918067,40.23091236,40.23091236
2021-12-10,155,117.4285714,2.073456491,40.75838598,40.75838598
2021-12-09,120,109.5714286,2.043642921,41.61020227,41.61020227
2021-12-08,123,103.7142857,2.020005935,42.28554472,42.28554472
2021-12-07,126,97.71428571,1.994380007,43.01771408,43.01771408
2021-12-06,115,91.14285714,1.964461675,43.87252358,43.87252358
2021-12-05,100,85.57142857,1.937374584,44.64644045,44.64644045
2021-12-04,74,68.71428571,1.843321782,47.33366337,47.33366337
2021-12-03,82,65.57142857,1.823287877,47.90606067,47.90606067
2021-12-02,64,62.71428571,1.804236819,48.45037661,48.45037661
2021-12-01,72,61.71428571,1.79736648,48.64667199,48.64667199
2021-11-30,71,59.57142857,1.782267817,49.07806238,49.07806238
2021-11-29,68,56.57142857,1.760207006,49.70837125,49.70837125
2021-11-28,50,54.14285714,1.741489265,50.24316387,50.24316387
2021-11-27,47,49,1.698970004,51.45799988,51.45799988
2021-11-26,61,48.57142857,1.695231435,51.56481615,51.56481615
2021-11-25,54,45.57142857,1.66811956,52.33944114,52.33944114
2021-11-24,51,44.28571429,1.655961222,52.68682222,52.68682222
2021-11-23,43,43.71428571,1.650446298,52.8443915,52.8443915
2021-11-22,51,42.57142857,1.639201799,53.16566288,53.16566288
2021-11-21,36,41,1.62324929,53.62144885,53.62144885
2021-11-20,41,39.14285714,1.60360828,54.18262057,54.18262057
2021-11-19,38,38,1.591064607,54.54101123,54.54101123
2021-11-18,41,38,1.591064607,54.54101123,54.54101123
2021-11-17,48,38.42857143,1.595811042,54.4053988,54.4053988
2021-11-16,33,37.57142857,1.586265724,54.67812217,54.67812217
2021-11-15,41,37.14285714,1.581413221,54.8167651,54.8167651
2021-11-14,32,37.71428571,1.587871251,54.63224998,54.63224998
2021-11-13,30,36.14285714,1.569875308,55.14641977,55.14641977
2021-11-12,35,36.42857143,1.573203251,55.05133568,55.05133568
2021-11-11,45,35.28571429,1.559735677,55.43612353,55.43612353
2021-11-10,38,34,1.544068044,55.88377016,55.88377016
2021-11-09,28,35.28571429,1.559735677,55.43612353,55.43612353
2021-11-08,45,37.28571429,1.583036754,54.77037846,54.77037846
2021-11-07,32,35.71428571,1.564835083,55.29042619,55.29042619
2021-11-06,29,33.14285714,1.533299861,56.19143254,56.19143254
2021-11-05,27,32.28571429,1.522257881,56.50691769,56.50691769
2021-11-04,36,32.28571429,1.522257881,56.50691769,56.50691769
2021-11-03,41,31.85714286,1.516629796,56.66772011,56.66772011
2021-11-02,39,31.42857143,1.510927817,56.83063379,56.83063379
2021-11-01,33,31,1.505149978,56.99571491,56.99571491
2021-10-31,27,31.28571429,1.509010399,56.88541717,56.88541717
2021-10-30,22,32.85714286,1.529650306,56.29570554,56.29570554
2021-10-29,28,35.71428571,1.564835083,55.29042619,55.29042619
2021-10-28,34,37.42857143,1.58465424,54.72416457,54.72416457
2021-10-27,37,38.42857143,1.595811042,54.4053988,54.4053988
2021-10-26,33,40.42857143,1.617299958,53.79142977,53.79142977
2021-10-25,37,42.42857143,1.637775544,53.20641304,53.20641304
2021-10-24,39,44.14285714,1.654589043,52.72602735,52.72602735
2021-10-23,36,38.28571429,1.594234654,54.45043846,54.45043846
2021-10-22,34,39.57142857,1.6082203,54.05084857,54.05084857
2021-10-21,34,41.85714286,1.632023215,53.37076529,53.37076529
2021-10-20,43,43.42857143,1.647662349,52.92393289,52.92393289
2021-10-19,37,46.85714286,1.679946767,52.00152094,52.00152094
2021-10-18,40,48.57142857,1.695231435,51.56481615,51.56481615
2021-10-17,44,50,1.707570176,51.21228068,51.21228068
2021-10-16,44,49,1.698970004,51.45799988,51.45799988
2021-10-15,49,52.28571429,1.726610792,50.66826309,50.66826309
2021-10-14,44,51.28571429,1.718383045,50.90334156,50.90334156
2021-10-13,68,53.42857143,1.735826936,50.4049447,50.4049447
2021-10-12,46,51.71428571,1.721928326,50.80204782,50.80204782
2021-10-11,47,54.57142857,1.744851561,50.14709825,50.14709825
2021-10-10,45,58.14285714,1.771902301,49.37421997,49.37421997
2021-10-09,65,59.42857143,1.781242327,49.10736208,49.10736208
2021-10-08,42,58.28571429,1.772950057,49.34428409,49.34428409
2021-10-07,58,63.71428571,1.811000162,48.25713823,48.25713823
2021-10-06,51,63.57142857,1.810040395,48.28456015,48.28456015
2021-10-05,67,65.42857143,1.822354913,47.93271677,47.93271677
2021-10-04,70,64.71428571,1.817659792,48.0668631,48.0668631
2021-10-03,63,64.71428571,1.817659792,48.0668631,48.0668631
2021-10-02,55,58,1.770852012,49.40422824,49.40422824
2021-10-01,75,58.85714286,1.777115983,49.22525763,49.22525763
2021-09-30,51,59.14285714,1.779184056,49.16616983,49.16616983
2021-09-29,54,64.28571429,1.81481816,48.14805257,48.14805257
2021-09-28,57,69.57142857,1.848628909,47.18203117,47.18203117
2021-09-27,67,72.71428571,1.867551662,46.6413811,46.6413811
2021-09-26,47,76,1.886490725,46.100265,46.100265
2021-09-25,61,76.57142857,1.88970179,46.0085203,46.0085203
2021-09-24,72,79.57142857,1.906181064,45.53768389,45.53768389
2021-09-23,82,80.57142857,1.911538068,45.38462662,45.38462662
2021-09-22,90,80.42857143,1.910776816,45.4063767,45.4063767
2021-09-21,76,80.14285714,1.909250296,45.44999155,45.44999155
2021-09-20,86,80.28571429,1.910014226,45.42816496,45.42816496
2021-09-19,69,82,1.919078092,45.16919736,45.16919736
2021-09-18,82,82.14285714,1.919824945,45.14785872,45.14785872
2021-09-17,74,81.14285714,1.914569805,45.29800558,45.29800558
2021-09-16,73,84,1.929418926,44.87374498,44.87374498
2021-09-15,91,87,1.944482672,44.44335222,44.44335222
2021-09-14,77,87.28571429,1.945890435,44.40313043,44.40313043
2021-09-13,96,91.28571429,1.965134478,43.85330063,43.85330063
2021-09-12,82,88,1.949390007,44.30314267,44.30314267
2021-09-11,75,84.28571429,1.930876291,44.83210597,44.83210597
2021-09-10,91,87.28571429,1.945890435,44.40313043,44.40313043
2021-09-09,90,84.57142857,1.932328782,44.79060622,44.79060622
2021-09-08,92,84.85714286,1.933776432,44.7492448,44.7492448
2021-09-07,102,88.85714286,1.953552605,44.18421127,44.18421127
2021-09-06,70,91,1.963787827,43.89177636,43.89177636
2021-09-05,70,98.14285714,1.99626143,42.96395913,42.96395913
2021-09-04,84,93,1.973127854,43.62491847,43.62491847
2021-09-03,62,91,1.963787827,43.89177636,43.89177636
2021-09-02,84,96,1.986771734,43.23509331,43.23509331
2021-09-01,115,97.28571429,1.992490398,43.07170291,43.07170291
2021-08-31,110,95.28571429,1.983561857,43.3268041,43.3268041
2021-08-30,113,93.28571429,1.974445896,43.58726013,43.58726013
2021-08-29,83,92.42857143,1.970479708,43.70057976,43.70057976
2021-08-28,65,91.71428571,1.967146657,43.79580981,43.79580981
2021-08-27,93,98,1.995635195,42.98185158,42.98185158
2021-08-26,90,101.1428571,2.009208002,42.59405709,42.59405709
2021-08-25,94,100.7142857,2.007381954,42.6462299,42.6462299
2021-08-24,92,102.2857143,2.014040257,42.45599265,42.45599265
2021-08-23,108,106.7142857,2.032273306,41.9350484,41.9350484
2021-08-22,100,107.5714286,2.035715552,41.83669851,41.83669851
2021-08-21,105,105.5714286,2.027640787,42.06740607,42.06740607
2021-08-20,109,103.2857143,2.01822482,42.33643371,42.33643371
2021-08-19,82,105.7142857,2.028222562,42.05078395,42.05078395
2021-08-18,105,109,2.041392685,41.67449471,41.67449471
2021-08-17,123,113,2.056904851,41.23128996,41.23128996
2021-08-16,113,111.1428571,2.049771617,41.43509666,41.43509666
2021-08-15,102,112.4285714,2.054722462,41.29364393,41.29364393
2021-08-14,83,110.2857143,2.046439418,41.53030235,41.53030235
2021-08-13,123,110.4285714,2.046996563,41.51438392,41.51438392
2021-08-12,105,108.2857143,2.038563395,41.75533157,41.75533157
2021-08-11,134,106.1428571,2.029963223,42.00105076,42.00105076
2021-08-10,112,97.85714286,1.995008054,42.99976987,42.99976987
2021-08-09,122,94.71428571,1.980976763,43.40066392,43.40066392
2021-08-08,93,87.14285714,1.945187124,44.42322503,44.42322503
2021-08-07,77,74.14285714,1.875887704,46.40320845,46.40320845
2021-08-06,103,72,1.86332286,46.762204,46.762204
2021-08-05,84,68,1.838849091,47.46145455,47.46145455
2021-08-04,67,66,1.826074803,47.82643421,47.82643421
2021-08-03,82,66.57142857,1.829763101,47.72105427,47.72105427
2021-08-02,64,64.71428571,1.817659792,48.0668631,48.0668631
2021-08-01,42,64,1.812913357,48.20247552,48.20247552
2021-07-31,58,59.57142857,1.782267817,49.07806238,49.07806238
2021-07-30,69,57,1.763427994,49.61634304,49.61634304
2021-07-29,66,53.57142857,1.736965323,50.37241935,50.37241935
2021-07-28,68,51.42857143,1.719568024,50.86948502,50.86948502
2021-07-27,62,47.42857143,1.685101658,51.85423834,51.85423834
2021-07-26,55,45.71428571,1.669449713,52.30143678,52.30143678
2021-07-25,39,44.71428571,1.660051938,52.56994462,52.56994462
2021-07-24,40,40.14,1.614294448,53.87730149,53.87730149
2021-07-23,41,39.86,1.611267993,53.96377163,53.96377163
2021-07-22,40,38.14,1.592652523,54.49564221,54.49564221
2021-07-21,36,35.86,1.566521666,55.24223812,55.24223812
2021-07-20,49,36.86,1.578147834,54.91006189,54.91006189
2021-07-19,42,33.14,1.533299861,56.19143254,56.19143254
2021-07-18,33,30.29,1.495346075,57.27582643,57.27582643
2021-07-17,38,29.29,1.481237821,57.6789194,57.6789194
2021-07-16,29,25.85714286,1.429059809,59.16971973,59.16971973
2021-07-15,24,27,1.447158031,58.65262768,58.65262768
2021-07-14,43,26.71428571,1.44270369,58.77989458,58.77989458
2021-07-13,23,23.71428571,1.392948063,60.20148391,60.20148391
2021-07-12,22,23.14285714,1.382788665,60.49175244,60.49175244
2021-07-11,26,22.14285714,1.364416974,61.01665787,61.01665787
2021-07-10,13,21,1.342422681,61.64506626,61.64506626
2021-07-09,34,21.85714286,1.359021943,61.17080164,61.17080164
2021-07-08,20,22,1.361727836,61.0934904,61.0934904
2021-07-07,23,22.85714286,1.377618431,60.6394734,60.6394734
2021-07-06,20,22.14285714,1.364416975,61.01665787,61.01665787
2021-07-05,15,22.28571429,1.367089564,60.94029816,60.94029816
2021-07-04,22,23.57142857,1.390430407,60.27341695,60.27341695
2021-07-03,18,22.85714286,1.377618431,60.6394734,60.6394734
2021-07-02,32,22.85714286,1.377618431,60.6394734,60.6394734
2021-07-01,25,20.85714286,1.339593391,61.72590312,61.72590312
2021-06-30,17,19.14285714,1.304121073,62.73939792,62.73939792
2021-06-29,21,20.14285714,1.325163675,62.1381807,62.1381807
2021-06-28,24,21.85714286,1.359021943,61.17080164,61.17080164
2021-06-27,23,22.28571429,1.367089564,60.94029816,60.94029816
2021-06-26,18,22.85714286,1.377618431,60.6394734,60.6394734
2021-06-25,18,22.14285714,1.364416975,61.01665787,61.01665787
2021-06-24,13,22.14285714,1.364416975,61.01665787,61.01665787
2021-06-23,24,24.28571429,1.402875226,59.91785068,59.91785068
2021-06-22,33,24.42857143,1.405321962,59.84794393,59.84794393
2021-06-21,27,23,1.380211242,60.56539309,60.56539309
2021-06-20,27,22.42857143,1.369745808,60.86440548,60.86440548
2021-06-19,13,20.42857143,1.330993219,61.97162231,61.97162231
2021-06-18,17,21.42857143,1.350801612,61.40566822,61.40566822
2021-06-17,24,22.85714286,1.377618431,60.6394734,60.6394734
2021-06-16,23,22.85714286,1.377618431,60.6394734,60.6394734
2021-06-15,20,22.42857143,1.369745808,60.86440548,60.86440548
2021-06-14,21,25,1.414973348,59.57219006,59.57219006
2021-06-13,25,26,1.431363764,59.10389245,59.10389245
2021-06-12,18,25.28571429,1.419719783,59.43657763,59.43657763
2021-06-11,25,25.42857143,1.422073688,59.36932319,59.36932319
2021-06-10,22,25.28571429,1.419719783,59.43657763,59.43657763
2021-06-09,21,25.85714286,1.429059809,59.16971974,59.16971974
2021-06-08,37,29.14285714,1.479184415,57.73758813,57.73758813
2021-06-07,28,28.42857143,1.46876918,58.03516628,58.03516628
2021-06-06,26,27.14285714,1.449368186,58.5894804,58.5894804
2021-06-05,18,24.57142857,1.407754991,59.77842883,59.77842883
2021-06-04,22,25.28571429,1.419719783,59.43657763,59.43657763
2021-06-03,21,26.42857143,1.438203189,58.90848032,58.90848032
2021-06-02,39,29.14285714,1.479184415,57.73758813,57.73758813
2021-06-01,30,27.57142857,1.455931956,58.40194412,58.40194412
2021-05-31,18,28.28571429,1.466655821,58.09554797,58.09554797
2021-05-30,24,30.28571429,1.495346075,57.27582643,57.27582643
2021-05-29,20,31.71428571,1.514737442,56.72178736,56.72178736
2021-05-28,31,33.42857143,1.536919003,56.0880285,56.0880285
2021-05-27,40,35.85714286,1.566521666,55.24223812,55.24223812
2021-05-26,27,38.57142857,1.597381729,54.36052203,54.36052203
2021-05-25,33,42.14285714,1.634908903,53.28831706,53.28831706
2021-05-24,29,44.28571429,1.655961222,52.68682222,52.68682222
2021-05-23,42,49.85714286,1.706351958,51.24708692,51.24708692
2021-05-22,25,41.57142857,1.629118224,53.45376503,53.45376503
2021-05-21,41,43.28571429,1.646263654,52.96389561,52.96389561
2021-05-20,51,45,1.662757832,52.49263338,52.49263338
2021-05-19,46,44.42857143,1.65732908,52.64774057,52.64774057
2021-05-18,40,45,1.662757832,52.49263338,52.49263338
2021-05-17,55,48.14285714,1.691460403,51.67255993,51.67255993
2021-05-16,33,49.14285714,1.700209076,51.42259782,51.42259782
2021-05-15,36,52.57142857,1.728933228,50.60190778,50.60190778
2021-05-14,54,56.14285714,1.756961951,49.80108711,49.80108711
2021-05-13,49,58.57142857,1.775038015,49.28462814,49.28462814
2021-05-12,51,62.57142857,1.803261971,48.4782294,48.4782294
2021-05-11,57,65.71428571,1.824218841,47.8794617,47.8794617
2021-05-10,62,70.71428571,1.855605677,46.98269494,46.98269494
2021-05-09,59,73.42857143,1.871739683,46.52172333,46.52172333
2021-05-08,55,66.57142857,1.829763101,47.72105427,47.72105427
2021-05-07,55,69.42857143,1.847748879,47.20717488,47.20717488
2021-05-06,62,74.28571429,1.876712575,46.37964071,46.37964071
2021-05-05,67,79.85714286,1.907718391,45.49376025,45.49376025
2021-05-04,83,87.71428571,1.94799356,44.34304114,44.34304114
2021-05-03,80,91.42857143,1.965806241,43.83410741,43.83410741
2021-05-02,64,99,2,42.85714286,42.85714286
2021-05-01,74,105.2857143,2.026474896,42.10071727,42.10071727
2021-04-30,84,109.4285714,2.043081454,41.62624417,41.62624417
2021-04-29,100,119.5714286,2.081244407,40.5358741,40.5358741
2021-04-28,122,127.1428571,2.107694403,39.78015991,39.78015991
2021-04-27,108,124.8571429,2.099877868,40.00348947,40.00348947
2021-04-26,132,131.2857143,2.121512947,39.38534438,39.38534438
2021-04-25,117,136,2.136720567,38.95084094,38.95084094
2021-04-24,91,131.7142857,2.122917674,39.34520931,39.34520931
2021-04-23,136,140.1428571,2.149658905,38.58117416,38.58117416
2021-04-22,143,146.2857143,2.168160625,38.05255356,38.05255356
2021-04-21,98,154,2.190331698,37.41909434,37.41909434
2021-04-20,146,164.8571429,2.21973418,36.57902344,36.57902344
2021-04-19,155,170.8571429,2.235167587,36.13806893,36.13806893
2021-04-18,153,175.2857143,2.24621712,35.82236801,35.82236801
2021-04-17,148,174.4285714,2.244100327,35.88284781,35.88284781
2021-04-16,176,179.1428571,2.255617047,35.55379867,35.55379867
2021-04-15,198,181.8571429,2.26211193,35.36823058,35.36823058
2021-04-14,176,182.4285714,2.263466984,35.32951475,35.32951475
2021-04-13,187,187,2.274157849,35.02406145,35.02406145
2021-04-12,185,191.2857143,2.28394702,34.74437086,34.74437086
2021-04-11,151,200.7142857,2.304736657,34.15038124,34.15038124
2021-04-10,171,201.7142857,2.306884355,34.08901842,34.08901842
2021-04-09,188,208.2857143,2.320739585,33.69315472,33.69315472
2021-04-08,197,215.7142857,2.335887541,33.26035598,33.26035598
2021-04-07,203,222,2.348304863,32.90557534,32.90557534
2021-04-06,206,231.5714286,2.366556361,32.38410398,32.38410398
2021-04-05,248,237.1428571,2.37683756,32.09035543,32.09035543
2021-04-04,199,240.2857143,2.38253161,31.9276683,31.9276683
2021-04-03,208,228.1428571,2.360106324,32.56839074,32.56839074
2021-04-02,231,233.5714286,2.370275113,32.27785392,32.27785392
2021-04-01,230,242.4285714,2.38637155,31.8179557,31.8179557
2021-03-31,248,248.1428571,2.396448441,31.53004455,31.53004455
2021-03-30,232,251.8571429,2.402875226,31.3464221,31.3464221
2021-03-29,265,256.4285714,2.410656747,31.12409295,31.12409295
2021-03-28,183,263.4285714,2.422308379,30.79118918,30.79118918
2021-03-27,234,257.4285714,2.412340527,31.07598495,31.07598495
2021-03-26,264,259.8571429,2.416402733,30.95992191,30.95992191
2021-03-25,249,256.4285714,2.410656747,31.12409295,31.12409295
2021-03-24,131,213,2.330413773,33.41674933,33.41674933
2021-03-23,202,229.4,2.362536327,32.49896208,32.49896208
2021-03-22,250,233.1,2.369480914,32.30054533,32.30054533
2021-03-21,222,234.9,2.372649033,32.21002762,32.21002762
2021-03-20,215,236.9,2.376316198,32.10525149,32.10525149
2021-03-19,208,236.1,2.375010048,32.14257006,32.14257006
2021-03-18,263,245.9,2.392445698,31.64440862,31.64440862
2021-03-17,246,250.1,2.399920831,31.43083341,31.43083341
2021-03-16,228,255,2.408239965,31.19314385,31.19314385
2021-03-15,262,262.6,2.42089833,30.83147627,30.83147627
2021-03-14,236,266.7,2.427671547,30.63795581,30.63795581
2021-03-13,210,270.1,2.433198168,30.48005234,30.48005234
2021-03-12,276,274.6,2.440234188,30.27902321,30.27902321
2021-03-11,293,271.4,2.435252653,30.42135277,30.42135277
2021-03-10,280,271.9,2.435935327,30.40184779,30.40184779
2021-03-09,281,276.3,2.442927495,30.20207156,30.20207156
2021-03-08,291,275,2.440909082,30.25974051,30.25974051
2021-03-07,260,281,2.450249108,29.99288262,29.99288262
2021-03-06,241,279.1,2.447379554,30.0748699,30.0748699
2021-03-05,254,279.6,2.448043443,30.05590162,30.05590162
2021-03-04,296,289.7,2.463466374,29.61524647,29.61524647
2021-03-03,311,290.7,2.464957698,29.57263721,29.57263721
2021-03-02,272,298.6,2.47650039,29.24284599,29.24284599
2021-03-01,333,309.4,2.491961686,28.80109468,28.80109468
2021-02-28,247,312,2.495544338,28.69873321,28.69873321
2021-02-27,244,317.4,2.503012028,28.48537062,28.48537062
2021-02-26,325,326.6,2.515306015,28.13411387,28.13411387
2021-02-25,303,325.4,2.513788164,28.17748102,28.17748102
2021-02-24,366,320.6,2.507277455,28.36350129,28.36350129
2021-02-23,348,311.9,2.495346075,28.70439786,28.70439786
2021-02-22,351,313.6,2.497719275,28.63659215,28.63659215
2021-02-21,285,310.7,2.493756706,28.74980839,28.74980839
2021-02-20,308,306.6,2.48794599,28.91582886,28.91582886
2021-02-19,317,304.1,2.484503208,29.01419405,29.01419405
2021-02-18,269,308,2.489958479,28.85832916,28.85832916
2021-02-17,305,317,2.50242712,28.50208229,28.50208229
2021-02-16,360,328.4,2.517761263,28.06396392,28.06396392
2021-02-15,331,335.3,2.526708418,27.8083309,27.8083309
2021-02-14,256,345.6,2.539792757,27.43449267,27.43449267
2021-02-13,291,355,2.551449998,27.10142863,27.10142863
2021-02-12,344,366.6,2.565341746,26.704521539999998,26.704521539999998
2021-02-11,332,383,2.584331224,26.16196502,26.16196502
2021-02-10,385,399.4,2.602525058,25.64214121,25.64214121
2021-02-09,408,411.3,2.615198287,25.28004895,25.28004895
2021-02-08,403,413.4,2.617449689,25.21572318,25.21572318
2021-02-07,322,397.7,2.600661796,25.69537724,25.69537724
2021-02-06,372,396,2.598790507,25.74884266,25.74884266
2021-02-05,459,381.7,2.582874674,26.20358075,26.20358075
2021-02-04,447,373.3,2.573203251,26.47990711,26.47990711
2021-02-03,468,365.9,2.564496979,26.72865773,26.72865773
2021-02-02,423,359.7,2.557163342,26.93819022,26.93819022
2021-02-01,293,351.6,2.547247115,27.22151099,27.22151099
2021-01-31,310,366.3,2.565004037,26.71417038,26.71417038
2021-01-30,272,370.6,2.570042312,26.57021965,26.57021965
2021-01-29,400,378.1,2.578802879,26.31991776,26.31991776
2021-01-28,395,382.7,2.584007968,26.17120091,26.17120091
2021-01-27,425,385.7,2.587390216,26.07456526,26.07456526
2021-01-26,366,377,2.5774918000000002,26.35737715,26.35737715
2021-01-25,396,379.1,2.579946835,26.2872333,26.2872333
2021-01-24,340,385,2.586587305,26.09750558,26.09750558
2021-01-23,325,383.9,2.585299551,26.13429853,26.13429853
2021-01-22,432,389.3,2.591382655,25.96049557,25.96049557
2021-01-21,416,384.7,2.586265724,26.1066936,26.1066936
2021-01-20,364,387.7,2.589630502,26.01055709,26.01055709
2021-01-19,381,396.9,2.599727159,25.72208116,25.72208116
2021-01-18,437,396.4,2.599259086,25.7354547,25.7354547
2021-01-17,332,391.6,2.593918688,25.88803748,25.88803748
2021-01-16,363,387.9,2.589790081,26.00599769,26.00599769
2021-01-15,400,382,2.583198774,26.19432074,26.19432074
2021-01-14,437,375,2.575187845,26.42320443,26.42320443
2021-01-13,428,363.4,2.561612419,26.81107375,26.81107375
2021-01-12,378,356.3,2.553015652,27.05669567,27.05669567
2021-01-11,403,351.9,2.547598913,27.21145962,27.21145962
2021-01-10,306,350.6,2.546013574,27.25675504,27.25675504
2021-01-09,322,349.4,2.544599508,27.297156910000002,27.297156910000002
2021-01-08,351,349.7,2.544953456,27.2870441,27.2870441
2021-01-07,356,342.6,2.536017041,27.54237027,27.54237027
2021-01-06,378,332.6,2.523188845,27.90889015,27.90889015
2021-01-05,347,324.1,2.512074218,28.22645092,28.22645092
2021-01-04,394,320.1,2.506698267,28.38004952,28.38004952
2021-01-03,298,313.9,2.49811355,28.62532714,28.62532714
2021-01-02,324,307.1,2.488752105,28.892797,28.892797
2021-01-01,301,300.1,2.478772567,29.17792667,29.17792667
2020-12-31,286,294.3,2.470242437,29.42164467,29.42164467
2020-12-30,319,293,2.46834733,29.47579056,29.47579056
2020-12-29,317,291.1,2.465595272,29.554420790000002,29.554420790000002
2020-12-28,350,286.7,2.458961426,29.74395925,29.74395925
2020-12-27,251,283.6,2.454191294,29.88024874,29.88024874
2020-12-26,275,282.7,2.452881204,29.91767988,29.91767988
2020-12-25,261,276.7,2.443598221,30.18290798,30.18290798
2020-12-24,278,278.9,2.446936396,30.08753154,30.08753154
2020-12-23,306,272.7,2.437297465,30.36292958,30.36292958
2020-12-22,285,258,2.413299764,31.04857817,31.04857817
2020-12-21,329,250.7,2.400907864,31.40263246,31.40263246
2020-12-20,244,240.7,2.383302319,31.90564804,31.90564804
2020-12-19,232,238.4,2.379175974,32.02354359,32.02354359
2020-12-18,265,233,2.369215857,32.30811836,32.30811836
2020-12-17,229,229.6,2.36280549,32.4912717,32.4912717
2020-12-16,208,231.3,2.3660225009999998,32.39935711,32.39935711
2020-12-15,234,240.7,2.383302319,31.90564804,31.90564804
2020-12-14,258,238.6,2.379435023,32.01614221,32.01614221
2020-12-13,226,233.3,2.369745808,32.29297691,32.29297691
2020-12-12,211,226.7,2.357390277,32.64599208,32.64599208
2020-12-11,241,221,2.346352974,32.96134359,32.96134359
2020-12-10,241,212.9,2.33012376,33.42503542,33.42503542
2020-12-09,274,207.4,2.318957252,33.74407852,33.74407852
2020-12-08,218,191.7,2.28491391,34.71674544,34.71674544
2020-12-07,221,189.7,2.280383226,34.84619355,34.84619355
2020-12-06,180,184.7,2.268845312,35.17584822,35.17584822
2020-12-05,171,182.4,2.263466984,35.32951475,35.32951475
2020-12-04,184,175.9,2.247622605,35.7822113,35.7822113
2020-12-03,204,171.4,2.23660923,36.09687914,36.09687914
2020-12-02,164,163.9,2.217107769,36.65406375,36.65406375
2020-12-01,204,159.6,2.205668271,36.98090654,36.98090654
2020-11-30,186,148.7,2.175263243,37.84962164,37.84962164
2020-11-29,164,143.3,2.159223334,38.30790475,38.30790475
2020-11-28,125,135.9,2.136267469,38.9637866,38.9637866
2020-11-27,153,134.9,2.133082477,39.05478637,39.05478637
2020-11-26,147,125.3,2.101354225,39.96130786,39.96130786
2020-11-25,119,121.4,2.087882782,40.34620623,40.34620623
2020-11-24,117,119.9,2.082272323,40.50650506,40.50650506
2020-11-23,142,116.9,2.071355909,40.81840261,40.81840261
2020-11-22,110,113.6,2.059076328,41.16924776,41.16924776
2020-11-21,113,110.4,2.046996563,41.51438392,41.51438392
2020-11-20,129,107.4,2.035143736,41.85303612,41.85303612
2020-11-19,120,101.3,2.009814982,42.57671479,42.57671479
2020-11-18,108,94.6,1.980328078,43.41919778,43.41919778
2020-11-17,96,92.1,1.969149556,43.73858412,43.73858412
2020-11-16,119,90.7,1.962436988,43.93037177,43.93037177
2020-11-15,91,85,1.934498451,44.72861568,44.72861568
2020-11-14,91,80.6,1.911538068,45.38462662,45.38462662
2020-11-13,84,75.9,1.885684236,46.12330755,46.12330755
2020-11-12,75,71.9,1.862472136,46.7865104,46.7865104
2020-11-11,96,72.7,1.867551662,46.6413811,46.6413811
2020-11-10,79,68.1,1.839747322,47.43579081,47.43579081
2020-11-09,79,68,1.838849091,47.46145455,47.46145455
2020-11-08,60,65.6,1.823287877,47.90606067,47.90606067
2020-11-07,58,63.6,1.810040395,48.28456015,48.28456015
2020-11-06,56,62.3,1.801305686,48.53412325,48.53412325
2020-11-05,81,62.4,1.80228493,48.50614485,48.50614485
2020-11-04,64,58,1.770852012,49.40422824,49.40422824
2020-11-03,78,55.3,1.750398182,49.98862338,49.98862338
2020-11-02,62,50.6,1.712409162,51.07402395,51.07402395
2020-11-01,46,49.9,1.706351958,51.24708692,51.24708692
2020-10-31,49,49.6,1.703905222,51.31699366,51.31699366
2020-10-30,57,49.7,1.705130313,51.28199106,51.28199106
2020-10-29,50,50.1,1.708784987,51.17757181,51.17757181
2020-10-28,45,49.4,1.702676665,51.35209528,51.35209528
2020-10-27,45,50,1.707570176,51.21228068,51.21228068
2020-10-26,57,54.3,1.742612925,50.21105929,50.21105929
2020-10-25,44,54.7,1.745966567,50.11524094,50.11524094
2020-10-24,50,54.4,1.743733686,50.17903755,50.17903755
2020-10-23,60,52.9,1.73124331,50.53590542,50.53590542
2020-10-22,45,51.1,1.717194824,50.93729073,50.93729073
2020-10-21,49,55.1,1.74929451,50.02015685,50.02015685
2020-10-20,75,56.6,1.760207006,49.70837125,49.70837125
2020-10-19,60,53.7,1.738100734,50.33997903,50.33997903
2020-10-18,42,52.3,1.726610792,50.66826309,50.66826309
2020-10-17,39,52.7,1.730089805,50.56886272,50.56886272
2020-10-16,48,52.9,1.73124331,50.53590542,50.53590542
2020-10-15,73,54.4,1.743733686,50.17903755,50.17903755
2020-10-14,59,50.1,1.708784987,51.17757181,51.17757181
2020-10-13,55,48.1,1.691460403,51.67255993,51.67255993
2020-10-12,50,47.6,1.686380877,51.81768923,51.81768923
2020-10-11,45,48.1,1.691460403,51.67255993,51.67255993
2020-10-10,40,48.1,1.691460403,51.67255993,51.67255993
2020-10-09,59,46.1,1.6734159,52.18811715,52.18811715
2020-10-08,43,44.4,1.65732908,52.64774057,52.64774057
2020-10-07,45,43.7,1.650446298,52.8443915,52.8443915
2020-10-06,51,45,1.662757832,52.49263338,52.49263338
2020-10-05,54,44.6,1.658692643,52.60878163,52.60878163
2020-10-04,45,42.1,1.634908903,53.28831706,53.28831706
2020-10-03,26,40.3,1.615799803,53.83429135,53.83429135
2020-10-02,47,41.1,1.624723976,53.57931497,53.57931497
2020-10-01,38,41.4,1.627658409,53.49547402,53.49547402
2020-09-30,54,40.7,1.620284811,53.70614824,53.70614824
2020-09-29,48,39,1.602059991,54.22685739,54.22685739
2020-09-28,37,36.7,1.576505887,54.95697466,54.95697466
2020-09-27,32,34.9,1.554575681,55.58355196,55.58355196
2020-09-26,32,33.7,1.540508234,55.98547904,55.98547904
2020-09-25,49,32.3,1.522257881,56.50691769,56.50691769
2020-09-24,33,30.9,1.503206823,57.05123363,57.05123363
2020-09-23,42,30,1.491361694,57.38966589,57.38966589
2020-09-22,32,31,1.505149978,56.99571491,56.99571491
2020-09-21,24,30.9,1.503206823,57.05123363,57.05123363
2020-09-20,24,31.6,1.512836807,56.77609123,56.77609123
2020-09-19,22,30.4,1.497324641,57.21929598,57.21929598
2020-09-18,39,29.3,1.481237821,57.6789194,57.6789194
2020-09-17,27,28.6,1.470872305,57.97507699,57.97507699
2020-09-16,48,28.4,1.46876918,58.03516628,58.03516628
2020-09-15,32,25.6,1.424414904,59.30243131,59.30243131
2020-09-14,29,24.6,1.407754991,59.77842883,59.77842883
2020-09-13,16,24,1.397940009,60.0588569,60.0588569
2020-09-12,14,25.3,1.419719783,59.43657763,59.43657763
2020-09-11,34,26.3,1.435935327,58.97327636,58.97327636
2020-09-10,26,26,1.431363764,59.10389245,59.10389245
2020-09-09,28,25.4,1.422073688,59.36932319,59.36932319
2020-09-08,25,24.7,1.410174465,59.709301,59.709301
2020-09-07,25,24.3,1.402875226,59.91785068,59.91785068
2020-09-06,25,26.6,1.440459269,58.84402089,58.84402089
2020-09-05,21,25.6,1.424414904,59.30243131,59.30243131
2020-09-04,32,25.7,1.426743567,59.2358981,59.2358981
2020-09-03,22,24.4,1.405321962,59.84794393,59.84794393
2020-09-02,23,25.9,1.429059809,59.16971974,59.16971974
2020-09-01,22,26.3,1.435935327,58.97327636,58.97327636
2020-08-31,40,28.9,1.475048246,57.8557644,57.8557644
2020-08-30,19,27.7,1.458098017,58.34005665,58.34005665
2020-08-29,22,28,1.462397998,58.21720006,58.21720006
2020-08-28,23,28.6,1.470872305,57.97507699,57.97507699
2020-08-27,32,29.9,1.489355711,57.44697968,57.44697968
2020-08-26,26,30.1,1.5,57.333,57.333
2020-08-25,41,31,1.5,56.996,56.996
2020-08-24,31,31.3,1.5,56.885,56.885
2020-08-23,21,31.6,1.5,56.776,56.776
2020-08-22,26,32,1.5,56.6,56.6
2020-08-21,31,31.6,1.5,56.776,56.776
2020-08-20,35,32.9,1.5,56.296,56.296
2020-08-19,32,33.6,1.5,56.037,56.037
2020-08-18,43,34.1,1.5,55.833,55.833
2020-08-17,33,31.7,1.5,56.722,56.722
2020-08-16,24,31.7,1.5,56.722,56.722
2020-08-15,23,32.1,1.5,56.6,56.6
2020-08-14,40,31.3,1.5,56.885,56.885
2020-08-13,40,29.4,1.5,57.621,57.621
2020-08-12,36,28.6,1.5,57.975,57.975
2020-08-11,26,28.9,1.5,57.856,57.856
2020-08-10,33,30.7,1.5,57.107,57.107
2020-08-09,27,31.9,1.5,56.668,56.668
2020-08-08,17,32.9,1.5,56.3,56.3
2020-08-07,27,34.9,1.6,55.584,55.584
2020-08-06,34,35.7,1.6,55.29,55.29
2020-08-05,38,36,1.6,55.194,55.194
2020-08-04,39,34.9,1.6,55.584,55.584
2020-08-03,41,35,1.6,55.534,55.534
2020-08-02,34,35.3,1.6,55.436,55.436
2020-08-01,31,34.3,1.5,55.8,55.8
2020-07-31,33,34.7,1.6,55.633,55.633
2020-07-30,36,35.7,1.6,55.29,55.29
2020-07-29,30,36,1.6,55.194,55.194
2020-07-28,40,37.1,1.6,54.817,54.817
2020-07-27,43,35.4,1.6,55.387,55.387
2020-07-26,27,34.1,1.5,55.833,55.833
2020-07-25,34,35,1.6,55.5,55.5
2020-07-24,40,34.3,1.5,55.783,55.783
2020-07-23,38,36.3,1.6,55.099,55.099
2020-07-22,38,36,1.6,55.194,55.194
2020-07-21,28,36.9,1.6,54.91,54.91
2020-07-20,34,38.7,1.6,54.316,54.316
2020-07-19,33,40.9,1.6,53.664,53.664
2020-07-18,29,40.1,1.6,53.9,53.9
2020-07-17,54,40.6,1.6,53.749,53.749
2020-07-16,36,39,1.6,54.227,54.227
2020-07-15,44,41,1.6,53.621,53.621
2020-07-14,41,39.3,1.6,54.139,54.139
2020-07-13,49,40.4,1.6,53.791,53.791
2020-07-12,28,42,1.6,53.329,53.329
2020-07-11,32,41.6,1.6,53.5,53.5
2020-07-10,43,41.6,1.6,53.454,53.454
2020-07-09,50,39.4,1.6,54.095,54.095
2020-07-08,32,39.1,1.6,54.183,54.183
2020-07-07,49,40.7,1.6,53.706,53.706
2020-07-06,60,40.7,1.6,53.706,53.706
2020-07-05,25,39.3,1.6,54.139,54.139
2020-07-04,32,40.7,1.6,53.7,53.7
2020-07-03,28,41.9,1.6,53.371,53.371
2020-07-02,48,43.7,1.7,52.844,52.844
2020-07-01,43,43.3,1.6,52.964,52.964
2020-06-30,49,44.1,1.7,52.726,52.726
2020-06-29,50,43.7,1.7,52.844,52.844
2020-06-28,35,44.3,1.7,52.687,52.687
2020-06-27,40,45.3,1.7,52.4,52.4
2020-06-26,41,43.9,1.7,52.805,52.805
2020-06-25,45,45.6,1.7,52.339,52.339
2020-06-24,49,47.1,1.7,51.928,51.928
2020-06-23,46,47.3,1.7,51.891,51.891
2020-06-22,54,49.6,1.7,51.317,51.317
2020-06-21,42,49.9,1.7,51.247,51.247
2020-06-20,30,50,1.7,51.2,51.2
2020-06-19,53,51.1,1.7,50.937,50.937
2020-06-18,56,52,1.7,50.735,50.735
2020-06-17,50,52,1.7,50.735,50.735
2020-06-16,62,53.4,1.7,50.405,50.405
2020-06-15,56,53.3,1.7,50.438,50.438
2020-06-14,43,54.1,1.7,50.243,50.243
2020-06-13,38,55.7,1.8,49.9,49.9
2020-06-12,59,56.1,1.8,49.801,49.801
2020-06-11,56,56,1.8,49.832,49.832
2020-06-10,60,58.6,1.8,49.285,49.285
2020-06-09,61,61.6,1.8,48.675,48.675
2020-06-08,62,62.9,1.8,48.423,48.423
2020-06-07,54,65.3,1.8,47.959,47.959
2020-06-06,41,66.4,1.8,47.7,47.7
2020-06-05,58,68.7,1.8,47.334,47.334
2020-06-04,74,73.6,1.9,46.498,46.498
2020-06-03,81,74.3,1.9,46.38,46.38
2020-06-02,70,74.7,1.9,46.309,46.309
2020-06-01,79,75.4,1.9,46.193,46.193
2020-05-31,62,76.4,1.9,46.031,46.031
2020-05-30,57,79.3,1.9,45.6,45.6
2020-05-29,92,81.6,1.9,45.233,45.233
2020-05-28,79,84.9,1.9,44.749,44.749
2020-05-27,84,87.1,1.9,44.423,44.423
2020-05-26,75,87.7,1.9,44.343,44.343
2020-05-25,86,95.1,2,43.345,43.345
2020-05-24,82,98.9,2,42.875,42.875
2020-05-23,73,99,2,42.9,42.9
2020-05-22,115,101.6,2,42.542,42.542
2020-05-21,95,105.1,2,42.117,42.117
2020-05-20,88,112.4,2.1,41.294,41.294
2020-05-19,127,121.4,2.1,40.346,40.346
2020-05-18,112,122.7,2.1,40.217,40.217
2020-05-17,83,134.1,2.1,39.12,39.12
2020-05-16,91,137.7,2.1,38.8,38.8
2020-05-15,140,145.6,2.2,38.113,38.113
2020-05-14,146,155.3,2.2,37.317,37.317
2020-05-13,151,162.7,2.2,36.74,36.74
2020-05-12,136,173.9,2.2,35.923,35.923
2020-05-11,192,187.1,2.3,35.015,35.015
2020-05-10,108,195.9,2.3,34.453,34.453
2020-05-09,146,211.3,2.3,33.5,33.5
2020-05-08,208,222.6,2.3,32.874,32.874
2020-05-07,198,234.6,2.4,32.225,32.225
2020-05-06,229,246.7,2.4,31.601,31.601
2020-05-05,229,260.7,2.4,30.919,30.919
2020-05-04,253,284.6,2.5,29.837,29.837
2020-05-03,216,304.7,2.5,28.991,28.991
2020-05-02,225,322.3,2.5,28.3,28.3
2020-05-01,292,342.4,2.5,27.548,27.548
2020-04-30,283,374.6,2.6,26.437,26.437
2020-04-29,327,406.1,2.6,25.436,25.436
2020-04-28,396,441.9,2.6,24.392,24.392
2020-04-27,394,478.7,2.7,23.4,23.4
2020-04-26,339,523.7,2.7,22.288,22.288
2020-04-25,366,559.1,2.7,21.5,21.5
2020-04-24,517,602,2.8,20.562,20.562
2020-04-23,504,656.4,2.8,19.49,19.49
2020-04-22,577,713.3,2.9,18.461,18.461
2020-04-21,654,774.1,2.9,17.446,17.446
2020-04-20,709,841.9,2.9,16.407,16.407
2020-04-19,587,921.3,3,15.29,15.29
2020-04-18,666,985,3,14.5,14.5
2020-04-17,898,1055.7,3,13.601,13.601
2020-04-16,902,1126.7,3.1,12.794,12.794
2020-04-15,1003,1209.6,3.1,11.915,11.915
2020-04-14,1128,1297.4,3.1,11.045,11.045
2020-04-13,1265,1377.1,3.1,10.306,10.306
2020-04-12,1033,1454.3,3.2,9.63,9.63
2020-04-11,1161,1505.9,3.2,9.2,9.2
2020-04-10,1395,1544.4,3.2,8.884,8.884
2020-04-09,1482,1586.3,3.2,8.553,8.553
2020-04-08,1618,1622,3.2,8.277,8.277
2020-04-07,1686,1641.9,3.2,8.126,8.126
2020-04-06,1805,1658.7,3.2,7.999,7.999
2020-04-05,1394,1663,3.2,7.967,7.967
2020-04-04,1431,1674.1,3.2,7.9,7.9
2020-04-03,1688,1675.3,3.2,7.876,7.876
2020-04-02,1732,1648.7,3.2,8.074,8.074
2020-04-01,1757,1621.7,3.2,8.279,8.279
2020-03-31,1804,1570.1,3.2,8.68,8.68
2020-03-30,1835,1490.1,3.2,9.328,9.328
2020-03-29,1472,1386.7,3.1,10.22,10.22
2020-03-28,1439,1285.4,3.1,11.2,11.2
2020-03-27,1502,1185,3.1,12.169,12.169
2020-03-26,1543,1070.6,3,13.428,13.428
2020-03-25,1396,931.7,3,15.15,15.15
2020-03-24,1244,802.4,2.9,17.002,17.002
2020-03-23,1111,676.1,2.8,19.123,19.123
2020-03-22,763,564.6,2.8,21.358,21.358
2020-03-21,736,483.6,2.7,23.3,23.3
2020-03-20,701,400.7,2.6,25.602,25.602
2020-03-19,571,321.3,2.5,28.336,28.336
2020-03-18,491,251,2.4,31.389,31.389
2020-03-17,360,191.3,2.3,34.744,34.744
2020-03-16,330,146.9,2.2,38.005,38.005
2020-03-15,196,104,2,42.252,42.252
2020-03-14,156,78.1,1.9,45.8,45.8
2020-03-13,145,56.7,1.8,49.678,49.678
2020-03-12,79,36.7,1.6,54.957,54.957
2020-03-11,73,26.6,1.4,58.844,58.844
2020-03-10,49,16.4,1.2,64.535,64.535
2020-03-09,30,9.6,1,70.739,70.739
2020-03-08,15,5.3,0.8,77.19,77.19
2020-03-07,6,3.1,0.6,82.4,82.4
2020-03-06,5,2.3,0.5,85.239,85.239
2020-03-05,8,1.6,0.4,88.281,88.281
2020-03-04,2,0.4,0.2,95.574,95.574
2020-03-03,1,0.1,0.1,98.343,98.343
